item_id,fold_k,c_min,agent,agent_chosen,has_doc_ref,retrieval_recall,eta,eta_solo,z_agent,baseline,tau_star_solo,abstained,abstained_solo,z_system
q_0004,0,0.7,gemma4_e4b,gemma4_e4b,True,1.0,1.0,1.0,1,Bsolo,0.9411764705882353,True,True,
q_0035,0,0.7,gemma4_e4b,gemma4_e4b,False,,0.6170212765957447,0.6170212765957447,0,Bsolo,0.9411764705882353,False,False,0.0
q_0045,0,0.7,gemma4_e4b,gemma4_e4b,True,0.0,0.8888888888888888,0.8888888888888888,0,Bsolo,0.9411764705882353,False,False,0.0
q_0048,0,0.7,gemma4_e4b,gemma4_e4b,True,0.0,0.6170212765957447,0.6170212765957447,0,Bsolo,0.9411764705882353,False,False,0.0
q_0050,0,0.7,gemma4_e4b,gemma4_e4b,True,1.0,0.8888888888888888,0.8888888888888888,0,Bsolo,0.9411764705882353,False,False,0.0
q_0062,0,0.7,gemma4_e4b,gemma4_e4b,True,0.5,0.6170212765957447,0.6170212765957447,0,Bsolo,0.9411764705882353,False,False,0.0
q_0082,0,0.7,gemma4_e4b,gemma4_e4b,True,0.0,0.8888888888888888,0.8888888888888888,0,Bsolo,0.9411764705882353,False,False,0.0
q_0101,0,0.7,gemma4_e4b,gemma4_e4b,True,1.0,0.6170212765957447,0.6170212765957447,1,Bsolo,0.9411764705882353,False,False,1.0
q_0123,0,0.7,gemma4_e4b,gemma4_e4b,True,0.14285714285714285,0.6170212765957447,0.6170212765957447,0,Bsolo,0.9411764705882353,False,False,0.0
q_0129,0,0.7,gemma4_e4b,gemma4_e4b,True,0.15384615384615385,0.6170212765957447,0.6170212765957447,1,Bsolo,0.9411764705882353,False,False,1.0
q_0130,0,0.7,gemma4_e4b,gemma4_e4b,True,1.0,0.6170212765957447,0.6170212765957447,1,Bsolo,0.9411764705882353,False,False,1.0
q_0202,0,0.7,gemma4_e4b,gemma4_e4b,True,0.0,0.8888888888888888,0.8888888888888888,0,Bsolo,0.9411764705882353,False,False,0.0
q_0212,0,0.7,gemma4_e4b,gemma4_e4b,True,0.6666666666666666,0.8888888888888888,0.8888888888888888,0,Bsolo,0.9411764705882353,False,False,0.0
q_0236,0,0.7,gemma4_e4b,gemma4_e4b,True,0.0,0.6170212765957447,0.6170212765957447,0,Bsolo,0.9411764705882353,False,False,0.0
q_0241,0,0.7,gemma4_e4b,gemma4_e4b,True,0.0,1.0,1.0,0,Bsolo,0.9411764705882353,True,True,
q_0259,0,0.7,gemma4_e4b,gemma4_e4b,True,1.0,1.0,1.0,0,Bsolo,0.9411764705882353,True,True,
q_0266,0,0.7,gemma4_e4b,gemma4_e4b,True,1.0,0.6170212765957447,0.6170212765957447,1,Bsolo,0.9411764705882353,False,False,1.0
q_0274,0,0.7,gemma4_e4b,gemma4_e4b,True,0.3333333333333333,0.8888888888888888,0.8888888888888888,0,Bsolo,0.9411764705882353,False,False,0.0
q_0289,0,0.7,gemma4_e4b,gemma4_e4b,True,0.75,0.6170212765957447,0.6170212765957447,0,Bsolo,0.9411764705882353,False,False,0.0
q_0306,0,0.7,gemma4_e4b,gemma4_e4b,True,0.2,1.0,1.0,0,Bsolo,0.9411764705882353,True,True,
q_0362,0,0.7,gemma4_e4b,gemma4_e4b,True,0.0,0.6170212765957447,0.6170212765957447,0,Bsolo,0.9411764705882353,False,False,0.0
q_0368,0,0.7,gemma4_e4b,gemma4_e4b,True,1.0,0.6170212765957447,0.6170212765957447,1,Bsolo,0.9411764705882353,False,False,1.0
q_0371,0,0.7,gemma4_e4b,gemma4_e4b,True,1.0,0.6170212765957447,0.6170212765957447,0,Bsolo,0.9411764705882353,False,False,0.0
q_0372,0,0.7,gemma4_e4b,gemma4_e4b,False,,0.9411764705882353,0.9411764705882353,0,Bsolo,0.9411764705882353,False,False,0.0
q_0378,0,0.7,gemma4_e4b,gemma4_e4b,True,0.0,1.0,1.0,0,Bsolo,0.9411764705882353,True,True,
q_0384,0,0.7,gemma4_e4b,gemma4_e4b,True,1.0,0.6170212765957447,0.6170212765957447,0,Bsolo,0.9411764705882353,False,False,0.0
q_0417,0,0.7,gemma4_e4b,gemma4_e4b,True,0.0,0.6170212765957447,0.6170212765957447,1,Bsolo,0.9411764705882353,False,False,1.0
q_0432,0,0.7,gemma4_e4b,gemma4_e4b,True,1.0,0.9411764705882353,0.9411764705882353,0,Bsolo,0.9411764705882353,False,False,0.0
q_0462,0,0.7,gemma4_e4b,gemma4_e4b,False,,1.0,1.0,0,Bsolo,0.9411764705882353,True,True,
q_0466,0,0.7,gemma4_e4b,gemma4_e4b,False,,0.9411764705882353,0.9411764705882353,0,Bsolo,0.9411764705882353,False,False,0.0
q_0471,0,0.7,gemma4_e4b,gemma4_e4b,True,0.0,0.9411764705882353,0.9411764705882353,0,Bsolo,0.9411764705882353,False,False,0.0
q_0494,0,0.7,gemma4_e4b,gemma4_e4b,True,0.6,0.9411764705882353,0.9411764705882353,0,Bsolo,0.9411764705882353,False,False,0.0
q_0531,0,0.7,gemma4_e4b,gemma4_e4b,True,0.3333333333333333,0.9411764705882353,0.9411764705882353,0,Bsolo,0.9411764705882353,False,False,0.0
q_0567,0,0.7,gemma4_e4b,gemma4_e4b,False,,0.9411764705882353,0.9411764705882353,0,Bsolo,0.9411764705882353,False,False,0.0
q_0577,0,0.7,gemma4_e4b,gemma4_e4b,True,1.0,0.6170212765957447,0.6170212765957447,0,Bsolo,0.9411764705882353,False,False,0.0
q_0586,0,0.7,gemma4_e4b,gemma4_e4b,False,,0.8888888888888888,0.8888888888888888,0,Bsolo,0.9411764705882353,False,False,0.0
q_0602,0,0.7,gemma4_e4b,gemma4_e4b,True,0.0,1.0,1.0,0,Bsolo,0.9411764705882353,True,True,
q_0704,0,0.7,gemma4_e4b,gemma4_e4b,True,0.5,1.0,1.0,0,Bsolo,0.9411764705882353,True,True,
q_0706,0,0.7,gemma4_e4b,gemma4_e4b,True,0.5,0.6170212765957447,0.6170212765957447,0,Bsolo,0.9411764705882353,False,False,0.0
q_0712,0,0.7,gemma4_e4b,gemma4_e4b,True,0.0,1.0,1.0,0,Bsolo,0.9411764705882353,True,True,
q_0044,1,0.7,gemma4_e4b,gemma4_e4b,True,0.0,0.6585365853658536,0.6585365853658536,0,Bsolo,0.95,False,False,0.0
q_0052,1,0.7,gemma4_e4b,gemma4_e4b,True,0.0,0.95,0.95,0,Bsolo,0.95,False,False,0.0
q_0084,1,0.7,gemma4_e4b,gemma4_e4b,False,,0.95,0.95,0,Bsolo,0.95,False,False,0.0
q_0097,1,0.7,gemma4_e4b,gemma4_e4b,True,0.25,0.6585365853658536,0.6585365853658536,1,Bsolo,0.95,False,False,1.0
q_0099,1,0.7,gemma4_e4b,gemma4_e4b,True,1.0,0.96,0.96,0,Bsolo,0.95,True,True,
q_0156,1,0.7,gemma4_e4b,gemma4_e4b,True,1.0,0.6585365853658536,0.6585365853658536,1,Bsolo,0.95,False,False,1.0
q_0220,1,0.7,gemma4_e4b,gemma4_e4b,True,0.5,0.6585365853658536,0.6585365853658536,1,Bsolo,0.95,False,False,1.0
q_0263,1,0.7,gemma4_e4b,gemma4_e4b,True,0.5,0.6585365853658536,0.6585365853658536,1,Bsolo,0.95,False,False,1.0
q_0275,1,0.7,gemma4_e4b,gemma4_e4b,True,0.0,0.6585365853658536,0.6585365853658536,0,Bsolo,0.95,False,False,0.0
q_0288,1,0.7,gemma4_e4b,gemma4_e4b,True,1.0,0.6585365853658536,0.6585365853658536,1,Bsolo,0.95,False,False,1.0
q_0315,1,0.7,gemma4_e4b,gemma4_e4b,True,1.0,0.6585365853658536,0.6585365853658536,0,Bsolo,0.95,False,False,0.0
q_0327,1,0.7,gemma4_e4b,gemma4_e4b,True,0.1111111111111111,0.6585365853658536,0.6585365853658536,0,Bsolo,0.95,False,False,0.0
q_0375,1,0.7,gemma4_e4b,gemma4_e4b,True,0.0,0.6585365853658536,0.6585365853658536,1,Bsolo,0.95,False,False,1.0
q_0392,1,0.7,gemma4_e4b,gemma4_e4b,True,0.5,0.6585365853658536,0.6585365853658536,0,Bsolo,0.95,False,False,0.0
q_0397,1,0.7,gemma4_e4b,gemma4_e4b,True,0.0,0.96,0.96,0,Bsolo,0.95,True,True,
q_0400,1,0.7,gemma4_e4b,gemma4_e4b,True,0.3333333333333333,0.6585365853658536,0.6585365853658536,0,Bsolo,0.95,False,False,0.0
q_0403,1,0.7,gemma4_e4b,gemma4_e4b,True,1.0,0.6585365853658536,0.6585365853658536,1,Bsolo,0.95,False,False,1.0
q_0404,1,0.7,gemma4_e4b,gemma4_e4b,True,1.0,0.6585365853658536,0.6585365853658536,1,Bsolo,0.95,False,False,1.0
q_0409,1,0.7,gemma4_e4b,gemma4_e4b,True,0.3333333333333333,0.96,0.96,0,Bsolo,0.95,True,True,
q_0426,1,0.7,gemma4_e4b,gemma4_e4b,True,1.0,0.95,0.95,1,Bsolo,0.95,False,False,1.0
q_0429,1,0.7,gemma4_e4b,gemma4_e4b,False,,0.6585365853658536,0.6585365853658536,1,Bsolo,0.95,False,False,1.0
q_0486,1,0.7,gemma4_e4b,gemma4_e4b,True,1.0,0.6585365853658536,0.6585365853658536,0,Bsolo,0.95,False,False,0.0
q_0510,1,0.7,gemma4_e4b,gemma4_e4b,False,,0.96,0.96,0,Bsolo,0.95,True,True,
q_0517,1,0.7,gemma4_e4b,gemma4_e4b,True,1.0,0.6585365853658536,0.6585365853658536,0,Bsolo,0.95,False,False,0.0
q_0519,1,0.7,gemma4_e4b,gemma4_e4b,True,0.6666666666666666,0.95,0.95,0,Bsolo,0.95,False,False,0.0
q_0540,1,0.7,gemma4_e4b,gemma4_e4b,True,0.6666666666666666,0.95,0.95,0,Bsolo,0.95,False,False,0.0
q_0542,1,0.7,gemma4_e4b,gemma4_e4b,False,,0.95,0.95,0,Bsolo,0.95,False,False,0.0
q_0550,1,0.7,gemma4_e4b,gemma4_e4b,True,1.0,0.6585365853658536,0.6585365853658536,0,Bsolo,0.95,False,False,0.0
q_0578,1,0.7,gemma4_e4b,gemma4_e4b,True,0.0,0.95,0.95,0,Bsolo,0.95,False,False,0.0
q_0588,1,0.7,gemma4_e4b,gemma4_e4b,True,1.0,0.6585365853658536,0.6585365853658536,0,Bsolo,0.95,False,False,0.0
q_0595,1,0.7,gemma4_e4b,gemma4_e4b,True,1.0,0.96,0.96,0,Bsolo,0.95,True,True,
q_0600,1,0.7,gemma4_e4b,gemma4_e4b,True,0.25,0.6585365853658536,0.6585365853658536,1,Bsolo,0.95,False,False,1.0
q_0604,1,0.7,gemma4_e4b,gemma4_e4b,True,0.0,0.96,0.96,0,Bsolo,0.95,True,True,
q_0612,1,0.7,gemma4_e4b,gemma4_e4b,True,0.0,0.95,0.95,0,Bsolo,0.95,False,False,0.0
q_0625,1,0.7,gemma4_e4b,gemma4_e4b,True,1.0,0.6585365853658536,0.6585365853658536,0,Bsolo,0.95,False,False,0.0
q_0640,1,0.7,gemma4_e4b,gemma4_e4b,False,,0.96,0.96,0,Bsolo,0.95,True,True,
q_0654,1,0.7,gemma4_e4b,gemma4_e4b,False,,0.96,0.96,0,Bsolo,0.95,True,True,
q_0693,1,0.7,gemma4_e4b,gemma4_e4b,True,1.0,0.6585365853658536,0.6585365853658536,0,Bsolo,0.95,False,False,0.0
q_0708,1,0.7,gemma4_e4b,gemma4_e4b,True,0.25,0.6585365853658536,0.6585365853658536,0,Bsolo,0.95,False,False,0.0
q_0710,1,0.7,gemma4_e4b,gemma4_e4b,True,1.0,0.95,0.95,0,Bsolo,0.95,False,False,0.0
q_0039,2,0.7,gemma4_e4b,gemma4_e4b,True,1.0,0.9761904761904762,0.9761904761904762,0,Bsolo,0.9761904761904762,False,False,0.0
q_0061,2,0.7,gemma4_e4b,gemma4_e4b,True,0.0,1.0,1.0,0,Bsolo,0.9761904761904762,True,True,
q_0080,2,0.7,gemma4_e4b,gemma4_e4b,False,,1.0,1.0,0,Bsolo,0.9761904761904762,True,True,
q_0106,2,0.7,gemma4_e4b,gemma4_e4b,True,0.5,0.6037735849056604,0.6037735849056604,0,Bsolo,0.9761904761904762,False,False,0.0
q_0111,2,0.7,gemma4_e4b,gemma4_e4b,True,1.0,0.9761904761904762,0.9761904761904762,0,Bsolo,0.9761904761904762,False,False,0.0
q_0152,2,0.7,gemma4_e4b,gemma4_e4b,True,0.3333333333333333,0.9761904761904762,0.9761904761904762,0,Bsolo,0.9761904761904762,False,False,0.0
q_0162,2,0.7,gemma4_e4b,gemma4_e4b,True,0.75,0.6037735849056604,0.6037735849056604,0,Bsolo,0.9761904761904762,False,False,0.0
q_0169,2,0.7,gemma4_e4b,gemma4_e4b,False,,1.0,1.0,0,Bsolo,0.9761904761904762,True,True,
q_0182,2,0.7,gemma4_e4b,gemma4_e4b,True,0.6666666666666666,0.9473684210526316,0.9473684210526316,0,Bsolo,0.9761904761904762,False,False,0.0
q_0194,2,0.7,gemma4_e4b,gemma4_e4b,True,0.5,0.9761904761904762,0.9761904761904762,0,Bsolo,0.9761904761904762,False,False,0.0
q_0207,2,0.7,gemma4_e4b,gemma4_e4b,True,0.2,0.9761904761904762,0.9761904761904762,0,Bsolo,0.9761904761904762,False,False,0.0
q_0215,2,0.7,gemma4_e4b,gemma4_e4b,True,0.6666666666666666,0.6037735849056604,0.6037735849056604,0,Bsolo,0.9761904761904762,False,False,0.0
q_0216,2,0.7,gemma4_e4b,gemma4_e4b,True,0.0,1.0,1.0,0,Bsolo,0.9761904761904762,True,True,
q_0231,2,0.7,gemma4_e4b,gemma4_e4b,True,0.5,0.9761904761904762,0.9761904761904762,0,Bsolo,0.9761904761904762,False,False,0.0
q_0237,2,0.7,gemma4_e4b,gemma4_e4b,True,0.0,0.6037735849056604,0.6037735849056604,0,Bsolo,0.9761904761904762,False,False,0.0
q_0246,2,0.7,gemma4_e4b,gemma4_e4b,True,0.4,0.9761904761904762,0.9761904761904762,0,Bsolo,0.9761904761904762,False,False,0.0
q_0257,2,0.7,gemma4_e4b,gemma4_e4b,True,1.0,1.0,1.0,0,Bsolo,0.9761904761904762,True,True,
q_0268,2,0.7,gemma4_e4b,gemma4_e4b,True,0.0,0.9473684210526316,0.9473684210526316,0,Bsolo,0.9761904761904762,False,False,0.0
q_0296,2,0.7,gemma4_e4b,gemma4_e4b,True,0.0,0.6037735849056604,0.6037735849056604,1,Bsolo,0.9761904761904762,False,False,1.0
q_0323,2,0.7,gemma4_e4b,gemma4_e4b,True,1.0,1.0,1.0,0,Bsolo,0.9761904761904762,True,True,
q_0347,2,0.7,gemma4_e4b,gemma4_e4b,False,,1.0,1.0,0,Bsolo,0.9761904761904762,True,True,
q_0352,2,0.7,gemma4_e4b,gemma4_e4b,True,0.0,0.6037735849056604,0.6037735849056604,1,Bsolo,0.9761904761904762,False,False,1.0
q_0356,2,0.7,gemma4_e4b,gemma4_e4b,True,0.0,0.9761904761904762,0.9761904761904762,0,Bsolo,0.9761904761904762,False,False,0.0
q_0423,2,0.7,gemma4_e4b,gemma4_e4b,True,0.0,0.6037735849056604,0.6037735849056604,1,Bsolo,0.9761904761904762,False,False,1.0
q_0434,2,0.7,gemma4_e4b,gemma4_e4b,True,0.0,0.9473684210526316,0.9473684210526316,1,Bsolo,0.9761904761904762,False,False,1.0
q_0443,2,0.7,gemma4_e4b,gemma4_e4b,True,0.75,0.9761904761904762,0.9761904761904762,0,Bsolo,0.9761904761904762,False,False,0.0
q_0451,2,0.7,gemma4_e4b,gemma4_e4b,True,1.0,0.9473684210526316,0.9473684210526316,0,Bsolo,0.9761904761904762,False,False,0.0
q_0463,2,0.7,gemma4_e4b,gemma4_e4b,False,,0.9473684210526316,0.9473684210526316,0,Bsolo,0.9761904761904762,False,False,0.0
q_0475,2,0.7,gemma4_e4b,gemma4_e4b,False,,0.9761904761904762,0.9761904761904762,0,Bsolo,0.9761904761904762,False,False,0.0
q_0507,2,0.7,gemma4_e4b,gemma4_e4b,True,1.0,0.9473684210526316,0.9473684210526316,0,Bsolo,0.9761904761904762,False,False,0.0
q_0514,2,0.7,gemma4_e4b,gemma4_e4b,True,0.6666666666666666,0.6037735849056604,0.6037735849056604,0,Bsolo,0.9761904761904762,False,False,0.0
q_0525,2,0.7,gemma4_e4b,gemma4_e4b,True,1.0,0.6037735849056604,0.6037735849056604,0,Bsolo,0.9761904761904762,False,False,0.0
q_0559,2,0.7,gemma4_e4b,gemma4_e4b,True,0.375,0.6037735849056604,0.6037735849056604,0,Bsolo,0.9761904761904762,False,False,0.0
q_0580,2,0.7,gemma4_e4b,gemma4_e4b,True,0.0,1.0,1.0,0,Bsolo,0.9761904761904762,True,True,
q_0587,2,0.7,gemma4_e4b,gemma4_e4b,True,0.5,0.9761904761904762,0.9761904761904762,0,Bsolo,0.9761904761904762,False,False,0.0
q_0622,2,0.7,gemma4_e4b,gemma4_e4b,False,,0.9761904761904762,0.9761904761904762,0,Bsolo,0.9761904761904762,False,False,0.0
q_0624,2,0.7,gemma4_e4b,gemma4_e4b,True,0.6666666666666666,0.6037735849056604,0.6037735849056604,0,Bsolo,0.9761904761904762,False,False,0.0
q_0686,2,0.7,gemma4_e4b,gemma4_e4b,True,1.0,0.9761904761904762,0.9761904761904762,1,Bsolo,0.9761904761904762,False,False,1.0
q_0692,2,0.7,gemma4_e4b,gemma4_e4b,True,1.0,0.9761904761904762,0.9761904761904762,0,Bsolo,0.9761904761904762,False,False,0.0
q_0700,2,0.7,gemma4_e4b,gemma4_e4b,True,1.0,0.9761904761904762,0.9761904761904762,0,Bsolo,0.9761904761904762,False,False,0.0
q_0018,3,0.7,gemma4_e4b,gemma4_e4b,True,0.0,0.9375,0.9375,0,Bsolo,0.9375,False,False,0.0
q_0079,3,0.7,gemma4_e4b,gemma4_e4b,True,0.3333333333333333,0.8888888888888888,0.8888888888888888,0,Bsolo,0.9375,False,False,0.0
q_0083,3,0.7,gemma4_e4b,gemma4_e4b,False,,0.8888888888888888,0.8888888888888888,0,Bsolo,0.9375,False,False,0.0
q_0098,3,0.7,gemma4_e4b,gemma4_e4b,True,1.0,0.6274509803921569,0.6274509803921569,0,Bsolo,0.9375,False,False,0.0
q_0117,3,0.7,gemma4_e4b,gemma4_e4b,True,0.5,0.6274509803921569,0.6274509803921569,0,Bsolo,0.9375,False,False,0.0
q_0149,3,0.7,gemma4_e4b,gemma4_e4b,True,0.09090909090909091,0.8888888888888888,0.8888888888888888,0,Bsolo,0.9375,False,False,0.0
q_0180,3,0.7,gemma4_e4b,gemma4_e4b,True,0.25,0.9583333333333334,0.9583333333333334,0,Bsolo,0.9375,True,True,
q_0189,3,0.7,gemma4_e4b,gemma4_e4b,True,0.0,0.6274509803921569,0.6274509803921569,0,Bsolo,0.9375,False,False,0.0
q_0198,3,0.7,gemma4_e4b,gemma4_e4b,True,0.3333333333333333,0.6274509803921569,0.6274509803921569,1,Bsolo,0.9375,False,False,1.0
q_0223,3,0.7,gemma4_e4b,gemma4_e4b,False,,0.6274509803921569,0.6274509803921569,1,Bsolo,0.9375,False,False,1.0
q_0260,3,0.7,gemma4_e4b,gemma4_e4b,True,0.0,0.9583333333333334,0.9583333333333334,0,Bsolo,0.9375,True,True,
q_0277,3,0.7,gemma4_e4b,gemma4_e4b,True,0.0,0.9375,0.9375,0,Bsolo,0.9375,False,False,0.0
q_0283,3,0.7,gemma4_e4b,gemma4_e4b,True,0.25,0.6274509803921569,0.6274509803921569,0,Bsolo,0.9375,False,False,0.0
q_0299,3,0.7,gemma4_e4b,gemma4_e4b,True,0.5,0.9583333333333334,0.9583333333333334,0,Bsolo,0.9375,True,True,
q_0335,3,0.7,gemma4_e4b,gemma4_e4b,True,0.14285714285714285,0.6274509803921569,0.6274509803921569,0,Bsolo,0.9375,False,False,0.0
q_0343,3,0.7,gemma4_e4b,gemma4_e4b,False,,1.0,1.0,0,Bsolo,0.9375,True,True,
q_0345,3,0.7,gemma4_e4b,gemma4_e4b,True,0.4,1.0,1.0,0,Bsolo,0.9375,True,True,
q_0383,3,0.7,gemma4_e4b,gemma4_e4b,True,1.0,0.6274509803921569,0.6274509803921569,1,Bsolo,0.9375,False,False,1.0
q_0385,3,0.7,gemma4_e4b,gemma4_e4b,True,0.0,0.6274509803921569,0.6274509803921569,0,Bsolo,0.9375,False,False,0.0
q_0388,3,0.7,gemma4_e4b,gemma4_e4b,True,0.0,0.8888888888888888,0.8888888888888888,0,Bsolo,0.9375,False,False,0.0
q_0396,3,0.7,gemma4_e4b,gemma4_e4b,False,,0.8888888888888888,0.8888888888888888,0,Bsolo,0.9375,False,False,0.0
q_0399,3,0.7,gemma4_e4b,gemma4_e4b,True,0.0,0.6274509803921569,0.6274509803921569,0,Bsolo,0.9375,False,False,0.0
q_0424,3,0.7,gemma4_e4b,gemma4_e4b,True,1.0,0.9375,0.9375,0,Bsolo,0.9375,False,False,0.0
q_0435,3,0.7,gemma4_e4b,gemma4_e4b,True,0.0,0.9375,0.9375,0,Bsolo,0.9375,False,False,0.0
q_0438,3,0.7,gemma4_e4b,gemma4_e4b,True,0.75,1.0,1.0,0,Bsolo,0.9375,True,True,
q_0455,3,0.7,gemma4_e4b,gemma4_e4b,True,1.0,0.9583333333333334,0.9583333333333334,0,Bsolo,0.9375,True,True,
q_0467,3,0.7,gemma4_e4b,gemma4_e4b,False,,0.9375,0.9375,0,Bsolo,0.9375,False,False,0.0
q_0478,3,0.7,gemma4_e4b,gemma4_e4b,False,,0.9583333333333334,0.9583333333333334,0,Bsolo,0.9375,True,True,
q_0516,3,0.7,gemma4_e4b,gemma4_e4b,True,1.0,0.8888888888888888,0.8888888888888888,0,Bsolo,0.9375,False,False,0.0
q_0522,3,0.7,gemma4_e4b,gemma4_e4b,True,1.0,0.9375,0.9375,0,Bsolo,0.9375,False,False,0.0
q_0546,3,0.7,gemma4_e4b,gemma4_e4b,False,,0.9583333333333334,0.9583333333333334,0,Bsolo,0.9375,True,True,
q_0549,3,0.7,gemma4_e4b,gemma4_e4b,True,1.0,0.9583333333333334,0.9583333333333334,0,Bsolo,0.9375,True,True,
q_0553,3,0.7,gemma4_e4b,gemma4_e4b,True,1.0,0.9375,0.9375,0,Bsolo,0.9375,False,False,0.0
q_0564,3,0.7,gemma4_e4b,gemma4_e4b,True,0.25,0.6274509803921569,0.6274509803921569,0,Bsolo,0.9375,False,False,0.0
q_0576,3,0.7,gemma4_e4b,gemma4_e4b,True,0.0,0.8888888888888888,0.8888888888888888,0,Bsolo,0.9375,False,False,0.0
q_0608,3,0.7,gemma4_e4b,gemma4_e4b,True,0.5,0.9583333333333334,0.9583333333333334,0,Bsolo,0.9375,True,True,
q_0671,3,0.7,gemma4_e4b,gemma4_e4b,True,0.0,0.6274509803921569,0.6274509803921569,1,Bsolo,0.9375,False,False,1.0
q_0676,3,0.7,gemma4_e4b,gemma4_e4b,True,1.0,0.9375,0.9375,0,Bsolo,0.9375,False,False,0.0
q_0690,3,0.7,gemma4_e4b,gemma4_e4b,True,1.0,0.9583333333333334,0.9583333333333334,0,Bsolo,0.9375,True,True,
q_0694,3,0.7,gemma4_e4b,gemma4_e4b,True,1.0,0.6274509803921569,0.6274509803921569,1,Bsolo,0.9375,False,False,1.0
q_0022,4,0.7,gemma4_e4b,gemma4_e4b,True,1.0,0.9761904761904762,0.9761904761904762,0,Bsolo,0.9761904761904762,False,False,0.0
q_0023,4,0.7,gemma4_e4b,gemma4_e4b,True,1.0,0.9761904761904762,0.9761904761904762,0,Bsolo,0.9761904761904762,False,False,0.0
q_0031,4,0.7,gemma4_e4b,gemma4_e4b,True,0.5,0.6037735849056604,0.6037735849056604,1,Bsolo,0.9761904761904762,False,False,1.0
q_0040,4,0.7,gemma4_e4b,gemma4_e4b,True,1.0,0.6037735849056604,0.6037735849056604,1,Bsolo,0.9761904761904762,False,False,1.0
q_0060,4,0.7,gemma4_e4b,gemma4_e4b,False,,0.9761904761904762,0.9761904761904762,0,Bsolo,0.9761904761904762,False,False,0.0
q_0069,4,0.7,gemma4_e4b,gemma4_e4b,True,0.6666666666666666,0.6037735849056604,0.6037735849056604,0,Bsolo,0.9761904761904762,False,False,0.0
q_0073,4,0.7,gemma4_e4b,gemma4_e4b,False,,0.6037735849056604,0.6037735849056604,0,Bsolo,0.9761904761904762,False,False,0.0
q_0105,4,0.7,gemma4_e4b,gemma4_e4b,True,1.0,0.9473684210526316,0.9473684210526316,0,Bsolo,0.9761904761904762,False,False,0.0
q_0118,4,0.7,gemma4_e4b,gemma4_e4b,True,1.0,0.6037735849056604,0.6037735849056604,1,Bsolo,0.9761904761904762,False,False,1.0
q_0139,4,0.7,gemma4_e4b,gemma4_e4b,True,1.0,0.6037735849056604,0.6037735849056604,1,Bsolo,0.9761904761904762,False,False,1.0
q_0146,4,0.7,gemma4_e4b,gemma4_e4b,False,,0.9761904761904762,0.9761904761904762,0,Bsolo,0.9761904761904762,False,False,0.0
q_0166,4,0.7,gemma4_e4b,gemma4_e4b,False,,0.9761904761904762,0.9761904761904762,0,Bsolo,0.9761904761904762,False,False,0.0
q_0192,4,0.7,gemma4_e4b,gemma4_e4b,True,1.0,0.6037735849056604,0.6037735849056604,0,Bsolo,0.9761904761904762,False,False,0.0
q_0222,4,0.7,gemma4_e4b,gemma4_e4b,True,0.0,0.9761904761904762,0.9761904761904762,0,Bsolo,0.9761904761904762,False,False,0.0
q_0224,4,0.7,gemma4_e4b,gemma4_e4b,True,1.0,0.6037735849056604,0.6037735849056604,0,Bsolo,0.9761904761904762,False,False,0.0
q_0284,4,0.7,gemma4_e4b,gemma4_e4b,True,1.0,0.6037735849056604,0.6037735849056604,1,Bsolo,0.9761904761904762,False,False,1.0
q_0285,4,0.7,gemma4_e4b,gemma4_e4b,True,0.2,0.6037735849056604,0.6037735849056604,1,Bsolo,0.9761904761904762,False,False,1.0
q_0364,4,0.7,gemma4_e4b,gemma4_e4b,True,0.4,0.6037735849056604,0.6037735849056604,0,Bsolo,0.9761904761904762,False,False,0.0
q_0369,4,0.7,gemma4_e4b,gemma4_e4b,True,1.0,0.6037735849056604,0.6037735849056604,1,Bsolo,0.9761904761904762,False,False,1.0
q_0374,4,0.7,gemma4_e4b,gemma4_e4b,False,,0.6037735849056604,0.6037735849056604,1,Bsolo,0.9761904761904762,False,False,1.0
q_0382,4,0.7,gemma4_e4b,gemma4_e4b,False,,0.9761904761904762,0.9761904761904762,1,Bsolo,0.9761904761904762,False,False,1.0
q_0395,4,0.7,gemma4_e4b,gemma4_e4b,True,0.0,0.6037735849056604,0.6037735849056604,0,Bsolo,0.9761904761904762,False,False,0.0
q_0433,4,0.7,gemma4_e4b,gemma4_e4b,True,0.0,0.6037735849056604,0.6037735849056604,1,Bsolo,0.9761904761904762,False,False,1.0
q_0459,4,0.7,gemma4_e4b,gemma4_e4b,True,1.0,0.9473684210526316,0.9473684210526316,0,Bsolo,0.9761904761904762,False,False,0.0
q_0480,4,0.7,gemma4_e4b,gemma4_e4b,True,1.0,0.9473684210526316,0.9473684210526316,0,Bsolo,0.9761904761904762,False,False,0.0
q_0481,4,0.7,gemma4_e4b,gemma4_e4b,True,0.25,0.6037735849056604,0.6037735849056604,0,Bsolo,0.9761904761904762,False,False,0.0
q_0492,4,0.7,gemma4_e4b,gemma4_e4b,True,1.0,0.6037735849056604,0.6037735849056604,0,Bsolo,0.9761904761904762,False,False,0.0
q_0515,4,0.7,gemma4_e4b,gemma4_e4b,True,1.0,0.9761904761904762,0.9761904761904762,0,Bsolo,0.9761904761904762,False,False,0.0
q_0523,4,0.7,gemma4_e4b,gemma4_e4b,False,,0.9761904761904762,0.9761904761904762,0,Bsolo,0.9761904761904762,False,False,0.0
q_0524,4,0.7,gemma4_e4b,gemma4_e4b,True,1.0,0.9761904761904762,0.9761904761904762,0,Bsolo,0.9761904761904762,False,False,0.0
q_0527,4,0.7,gemma4_e4b,gemma4_e4b,True,1.0,0.6037735849056604,0.6037735849056604,1,Bsolo,0.9761904761904762,False,False,1.0
q_0530,4,0.7,gemma4_e4b,gemma4_e4b,True,1.0,0.6037735849056604,0.6037735849056604,0,Bsolo,0.9761904761904762,False,False,0.0
q_0538,4,0.7,gemma4_e4b,gemma4_e4b,True,1.0,0.9761904761904762,0.9761904761904762,0,Bsolo,0.9761904761904762,False,False,0.0
q_0563,4,0.7,gemma4_e4b,gemma4_e4b,True,1.0,0.9761904761904762,0.9761904761904762,0,Bsolo,0.9761904761904762,False,False,0.0
q_0574,4,0.7,gemma4_e4b,gemma4_e4b,True,1.0,0.6037735849056604,0.6037735849056604,0,Bsolo,0.9761904761904762,False,False,0.0
q_0583,4,0.7,gemma4_e4b,gemma4_e4b,True,1.0,0.6037735849056604,0.6037735849056604,1,Bsolo,0.9761904761904762,False,False,1.0
q_0630,4,0.7,gemma4_e4b,gemma4_e4b,True,0.5,0.6037735849056604,0.6037735849056604,0,Bsolo,0.9761904761904762,False,False,0.0
q_0644,4,0.7,gemma4_e4b,gemma4_e4b,True,0.5,0.9761904761904762,0.9761904761904762,1,Bsolo,0.9761904761904762,False,False,1.0
q_0647,4,0.7,gemma4_e4b,gemma4_e4b,True,0.0,0.9473684210526316,0.9473684210526316,0,Bsolo,0.9761904761904762,False,False,0.0
q_0711,4,0.7,gemma4_e4b,gemma4_e4b,True,1.0,0.6037735849056604,0.6037735849056604,0,Bsolo,0.9761904761904762,False,False,0.0
q_0004,0,0.9,gemma4_e4b,gemma4_e4b,True,1.0,1.0,1.0,1,Bsolo,1.0,False,False,1.0
q_0035,0,0.9,gemma4_e4b,gemma4_e4b,False,,0.6170212765957447,0.6170212765957447,0,Bsolo,1.0,False,False,0.0
q_0045,0,0.9,gemma4_e4b,gemma4_e4b,True,0.0,0.8888888888888888,0.8888888888888888,0,Bsolo,1.0,False,False,0.0
q_0048,0,0.9,gemma4_e4b,gemma4_e4b,True,0.0,0.6170212765957447,0.6170212765957447,0,Bsolo,1.0,False,False,0.0
q_0050,0,0.9,gemma4_e4b,gemma4_e4b,True,1.0,0.8888888888888888,0.8888888888888888,0,Bsolo,1.0,False,False,0.0
q_0062,0,0.9,gemma4_e4b,gemma4_e4b,True,0.5,0.6170212765957447,0.6170212765957447,0,Bsolo,1.0,False,False,0.0
q_0082,0,0.9,gemma4_e4b,gemma4_e4b,True,0.0,0.8888888888888888,0.8888888888888888,0,Bsolo,1.0,False,False,0.0
q_0101,0,0.9,gemma4_e4b,gemma4_e4b,True,1.0,0.6170212765957447,0.6170212765957447,1,Bsolo,1.0,False,False,1.0
q_0123,0,0.9,gemma4_e4b,gemma4_e4b,True,0.14285714285714285,0.6170212765957447,0.6170212765957447,0,Bsolo,1.0,False,False,0.0
q_0129,0,0.9,gemma4_e4b,gemma4_e4b,True,0.15384615384615385,0.6170212765957447,0.6170212765957447,1,Bsolo,1.0,False,False,1.0
q_0130,0,0.9,gemma4_e4b,gemma4_e4b,True,1.0,0.6170212765957447,0.6170212765957447,1,Bsolo,1.0,False,False,1.0
q_0202,0,0.9,gemma4_e4b,gemma4_e4b,True,0.0,0.8888888888888888,0.8888888888888888,0,Bsolo,1.0,False,False,0.0
q_0212,0,0.9,gemma4_e4b,gemma4_e4b,True,0.6666666666666666,0.8888888888888888,0.8888888888888888,0,Bsolo,1.0,False,False,0.0
q_0236,0,0.9,gemma4_e4b,gemma4_e4b,True,0.0,0.6170212765957447,0.6170212765957447,0,Bsolo,1.0,False,False,0.0
q_0241,0,0.9,gemma4_e4b,gemma4_e4b,True,0.0,1.0,1.0,0,Bsolo,1.0,False,False,0.0
q_0259,0,0.9,gemma4_e4b,gemma4_e4b,True,1.0,1.0,1.0,0,Bsolo,1.0,False,False,0.0
q_0266,0,0.9,gemma4_e4b,gemma4_e4b,True,1.0,0.6170212765957447,0.6170212765957447,1,Bsolo,1.0,False,False,1.0
q_0274,0,0.9,gemma4_e4b,gemma4_e4b,True,0.3333333333333333,0.8888888888888888,0.8888888888888888,0,Bsolo,1.0,False,False,0.0
q_0289,0,0.9,gemma4_e4b,gemma4_e4b,True,0.75,0.6170212765957447,0.6170212765957447,0,Bsolo,1.0,False,False,0.0
q_0306,0,0.9,gemma4_e4b,gemma4_e4b,True,0.2,1.0,1.0,0,Bsolo,1.0,False,False,0.0
q_0362,0,0.9,gemma4_e4b,gemma4_e4b,True,0.0,0.6170212765957447,0.6170212765957447,0,Bsolo,1.0,False,False,0.0
q_0368,0,0.9,gemma4_e4b,gemma4_e4b,True,1.0,0.6170212765957447,0.6170212765957447,1,Bsolo,1.0,False,False,1.0
q_0371,0,0.9,gemma4_e4b,gemma4_e4b,True,1.0,0.6170212765957447,0.6170212765957447,0,Bsolo,1.0,False,False,0.0
q_0372,0,0.9,gemma4_e4b,gemma4_e4b,False,,0.9411764705882353,0.9411764705882353,0,Bsolo,1.0,False,False,0.0
q_0378,0,0.9,gemma4_e4b,gemma4_e4b,True,0.0,1.0,1.0,0,Bsolo,1.0,False,False,0.0
q_0384,0,0.9,gemma4_e4b,gemma4_e4b,True,1.0,0.6170212765957447,0.6170212765957447,0,Bsolo,1.0,False,False,0.0
q_0417,0,0.9,gemma4_e4b,gemma4_e4b,True,0.0,0.6170212765957447,0.6170212765957447,1,Bsolo,1.0,False,False,1.0
q_0432,0,0.9,gemma4_e4b,gemma4_e4b,True,1.0,0.9411764705882353,0.9411764705882353,0,Bsolo,1.0,False,False,0.0
q_0462,0,0.9,gemma4_e4b,gemma4_e4b,False,,1.0,1.0,0,Bsolo,1.0,False,False,0.0
q_0466,0,0.9,gemma4_e4b,gemma4_e4b,False,,0.9411764705882353,0.9411764705882353,0,Bsolo,1.0,False,False,0.0
q_0471,0,0.9,gemma4_e4b,gemma4_e4b,True,0.0,0.9411764705882353,0.9411764705882353,0,Bsolo,1.0,False,False,0.0
q_0494,0,0.9,gemma4_e4b,gemma4_e4b,True,0.6,0.9411764705882353,0.9411764705882353,0,Bsolo,1.0,False,False,0.0
q_0531,0,0.9,gemma4_e4b,gemma4_e4b,True,0.3333333333333333,0.9411764705882353,0.9411764705882353,0,Bsolo,1.0,False,False,0.0
q_0567,0,0.9,gemma4_e4b,gemma4_e4b,False,,0.9411764705882353,0.9411764705882353,0,Bsolo,1.0,False,False,0.0
q_0577,0,0.9,gemma4_e4b,gemma4_e4b,True,1.0,0.6170212765957447,0.6170212765957447,0,Bsolo,1.0,False,False,0.0
q_0586,0,0.9,gemma4_e4b,gemma4_e4b,False,,0.8888888888888888,0.8888888888888888,0,Bsolo,1.0,False,False,0.0
q_0602,0,0.9,gemma4_e4b,gemma4_e4b,True,0.0,1.0,1.0,0,Bsolo,1.0,False,False,0.0
q_0704,0,0.9,gemma4_e4b,gemma4_e4b,True,0.5,1.0,1.0,0,Bsolo,1.0,False,False,0.0
q_0706,0,0.9,gemma4_e4b,gemma4_e4b,True,0.5,0.6170212765957447,0.6170212765957447,0,Bsolo,1.0,False,False,0.0
q_0712,0,0.9,gemma4_e4b,gemma4_e4b,True,0.0,1.0,1.0,0,Bsolo,1.0,False,False,0.0
q_0044,1,0.9,gemma4_e4b,gemma4_e4b,True,0.0,0.6585365853658536,0.6585365853658536,0,Bsolo,0.96,False,False,0.0
q_0052,1,0.9,gemma4_e4b,gemma4_e4b,True,0.0,0.95,0.95,0,Bsolo,0.96,False,False,0.0
q_0084,1,0.9,gemma4_e4b,gemma4_e4b,False,,0.95,0.95,0,Bsolo,0.96,False,False,0.0
q_0097,1,0.9,gemma4_e4b,gemma4_e4b,True,0.25,0.6585365853658536,0.6585365853658536,1,Bsolo,0.96,False,False,1.0
q_0099,1,0.9,gemma4_e4b,gemma4_e4b,True,1.0,0.96,0.96,0,Bsolo,0.96,False,False,0.0
q_0156,1,0.9,gemma4_e4b,gemma4_e4b,True,1.0,0.6585365853658536,0.6585365853658536,1,Bsolo,0.96,False,False,1.0
q_0220,1,0.9,gemma4_e4b,gemma4_e4b,True,0.5,0.6585365853658536,0.6585365853658536,1,Bsolo,0.96,False,False,1.0
q_0263,1,0.9,gemma4_e4b,gemma4_e4b,True,0.5,0.6585365853658536,0.6585365853658536,1,Bsolo,0.96,False,False,1.0
q_0275,1,0.9,gemma4_e4b,gemma4_e4b,True,0.0,0.6585365853658536,0.6585365853658536,0,Bsolo,0.96,False,False,0.0
q_0288,1,0.9,gemma4_e4b,gemma4_e4b,True,1.0,0.6585365853658536,0.6585365853658536,1,Bsolo,0.96,False,False,1.0
q_0315,1,0.9,gemma4_e4b,gemma4_e4b,True,1.0,0.6585365853658536,0.6585365853658536,0,Bsolo,0.96,False,False,0.0
q_0327,1,0.9,gemma4_e4b,gemma4_e4b,True,0.1111111111111111,0.6585365853658536,0.6585365853658536,0,Bsolo,0.96,False,False,0.0
q_0375,1,0.9,gemma4_e4b,gemma4_e4b,True,0.0,0.6585365853658536,0.6585365853658536,1,Bsolo,0.96,False,False,1.0
q_0392,1,0.9,gemma4_e4b,gemma4_e4b,True,0.5,0.6585365853658536,0.6585365853658536,0,Bsolo,0.96,False,False,0.0
q_0397,1,0.9,gemma4_e4b,gemma4_e4b,True,0.0,0.96,0.96,0,Bsolo,0.96,False,False,0.0
q_0400,1,0.9,gemma4_e4b,gemma4_e4b,True,0.3333333333333333,0.6585365853658536,0.6585365853658536,0,Bsolo,0.96,False,False,0.0
q_0403,1,0.9,gemma4_e4b,gemma4_e4b,True,1.0,0.6585365853658536,0.6585365853658536,1,Bsolo,0.96,False,False,1.0
q_0404,1,0.9,gemma4_e4b,gemma4_e4b,True,1.0,0.6585365853658536,0.6585365853658536,1,Bsolo,0.96,False,False,1.0
q_0409,1,0.9,gemma4_e4b,gemma4_e4b,True,0.3333333333333333,0.96,0.96,0,Bsolo,0.96,False,False,0.0
q_0426,1,0.9,gemma4_e4b,gemma4_e4b,True,1.0,0.95,0.95,1,Bsolo,0.96,False,False,1.0
q_0429,1,0.9,gemma4_e4b,gemma4_e4b,False,,0.6585365853658536,0.6585365853658536,1,Bsolo,0.96,False,False,1.0
q_0486,1,0.9,gemma4_e4b,gemma4_e4b,True,1.0,0.6585365853658536,0.6585365853658536,0,Bsolo,0.96,False,False,0.0
q_0510,1,0.9,gemma4_e4b,gemma4_e4b,False,,0.96,0.96,0,Bsolo,0.96,False,False,0.0
q_0517,1,0.9,gemma4_e4b,gemma4_e4b,True,1.0,0.6585365853658536,0.6585365853658536,0,Bsolo,0.96,False,False,0.0
q_0519,1,0.9,gemma4_e4b,gemma4_e4b,True,0.6666666666666666,0.95,0.95,0,Bsolo,0.96,False,False,0.0
q_0540,1,0.9,gemma4_e4b,gemma4_e4b,True,0.6666666666666666,0.95,0.95,0,Bsolo,0.96,False,False,0.0
q_0542,1,0.9,gemma4_e4b,gemma4_e4b,False,,0.95,0.95,0,Bsolo,0.96,False,False,0.0
q_0550,1,0.9,gemma4_e4b,gemma4_e4b,True,1.0,0.6585365853658536,0.6585365853658536,0,Bsolo,0.96,False,False,0.0
q_0578,1,0.9,gemma4_e4b,gemma4_e4b,True,0.0,0.95,0.95,0,Bsolo,0.96,False,False,0.0
q_0588,1,0.9,gemma4_e4b,gemma4_e4b,True,1.0,0.6585365853658536,0.6585365853658536,0,Bsolo,0.96,False,False,0.0
q_0595,1,0.9,gemma4_e4b,gemma4_e4b,True,1.0,0.96,0.96,0,Bsolo,0.96,False,False,0.0
q_0600,1,0.9,gemma4_e4b,gemma4_e4b,True,0.25,0.6585365853658536,0.6585365853658536,1,Bsolo,0.96,False,False,1.0
q_0604,1,0.9,gemma4_e4b,gemma4_e4b,True,0.0,0.96,0.96,0,Bsolo,0.96,False,False,0.0
q_0612,1,0.9,gemma4_e4b,gemma4_e4b,True,0.0,0.95,0.95,0,Bsolo,0.96,False,False,0.0
q_0625,1,0.9,gemma4_e4b,gemma4_e4b,True,1.0,0.6585365853658536,0.6585365853658536,0,Bsolo,0.96,False,False,0.0
q_0640,1,0.9,gemma4_e4b,gemma4_e4b,False,,0.96,0.96,0,Bsolo,0.96,False,False,0.0
q_0654,1,0.9,gemma4_e4b,gemma4_e4b,False,,0.96,0.96,0,Bsolo,0.96,False,False,0.0
q_0693,1,0.9,gemma4_e4b,gemma4_e4b,True,1.0,0.6585365853658536,0.6585365853658536,0,Bsolo,0.96,False,False,0.0
q_0708,1,0.9,gemma4_e4b,gemma4_e4b,True,0.25,0.6585365853658536,0.6585365853658536,0,Bsolo,0.96,False,False,0.0
q_0710,1,0.9,gemma4_e4b,gemma4_e4b,True,1.0,0.95,0.95,0,Bsolo,0.96,False,False,0.0
q_0039,2,0.9,gemma4_e4b,gemma4_e4b,True,1.0,0.9761904761904762,0.9761904761904762,0,Bsolo,0.9761904761904762,False,False,0.0
q_0061,2,0.9,gemma4_e4b,gemma4_e4b,True,0.0,1.0,1.0,0,Bsolo,0.9761904761904762,True,True,
q_0080,2,0.9,gemma4_e4b,gemma4_e4b,False,,1.0,1.0,0,Bsolo,0.9761904761904762,True,True,
q_0106,2,0.9,gemma4_e4b,gemma4_e4b,True,0.5,0.6037735849056604,0.6037735849056604,0,Bsolo,0.9761904761904762,False,False,0.0
q_0111,2,0.9,gemma4_e4b,gemma4_e4b,True,1.0,0.9761904761904762,0.9761904761904762,0,Bsolo,0.9761904761904762,False,False,0.0
q_0152,2,0.9,gemma4_e4b,gemma4_e4b,True,0.3333333333333333,0.9761904761904762,0.9761904761904762,0,Bsolo,0.9761904761904762,False,False,0.0
q_0162,2,0.9,gemma4_e4b,gemma4_e4b,True,0.75,0.6037735849056604,0.6037735849056604,0,Bsolo,0.9761904761904762,False,False,0.0
q_0169,2,0.9,gemma4_e4b,gemma4_e4b,False,,1.0,1.0,0,Bsolo,0.9761904761904762,True,True,
q_0182,2,0.9,gemma4_e4b,gemma4_e4b,True,0.6666666666666666,0.9473684210526316,0.9473684210526316,0,Bsolo,0.9761904761904762,False,False,0.0
q_0194,2,0.9,gemma4_e4b,gemma4_e4b,True,0.5,0.9761904761904762,0.9761904761904762,0,Bsolo,0.9761904761904762,False,False,0.0
q_0207,2,0.9,gemma4_e4b,gemma4_e4b,True,0.2,0.9761904761904762,0.9761904761904762,0,Bsolo,0.9761904761904762,False,False,0.0
q_0215,2,0.9,gemma4_e4b,gemma4_e4b,True,0.6666666666666666,0.6037735849056604,0.6037735849056604,0,Bsolo,0.9761904761904762,False,False,0.0
q_0216,2,0.9,gemma4_e4b,gemma4_e4b,True,0.0,1.0,1.0,0,Bsolo,0.9761904761904762,True,True,
q_0231,2,0.9,gemma4_e4b,gemma4_e4b,True,0.5,0.9761904761904762,0.9761904761904762,0,Bsolo,0.9761904761904762,False,False,0.0
q_0237,2,0.9,gemma4_e4b,gemma4_e4b,True,0.0,0.6037735849056604,0.6037735849056604,0,Bsolo,0.9761904761904762,False,False,0.0
q_0246,2,0.9,gemma4_e4b,gemma4_e4b,True,0.4,0.9761904761904762,0.9761904761904762,0,Bsolo,0.9761904761904762,False,False,0.0
q_0257,2,0.9,gemma4_e4b,gemma4_e4b,True,1.0,1.0,1.0,0,Bsolo,0.9761904761904762,True,True,
q_0268,2,0.9,gemma4_e4b,gemma4_e4b,True,0.0,0.9473684210526316,0.9473684210526316,0,Bsolo,0.9761904761904762,False,False,0.0
q_0296,2,0.9,gemma4_e4b,gemma4_e4b,True,0.0,0.6037735849056604,0.6037735849056604,1,Bsolo,0.9761904761904762,False,False,1.0
q_0323,2,0.9,gemma4_e4b,gemma4_e4b,True,1.0,1.0,1.0,0,Bsolo,0.9761904761904762,True,True,
q_0347,2,0.9,gemma4_e4b,gemma4_e4b,False,,1.0,1.0,0,Bsolo,0.9761904761904762,True,True,
q_0352,2,0.9,gemma4_e4b,gemma4_e4b,True,0.0,0.6037735849056604,0.6037735849056604,1,Bsolo,0.9761904761904762,False,False,1.0
q_0356,2,0.9,gemma4_e4b,gemma4_e4b,True,0.0,0.9761904761904762,0.9761904761904762,0,Bsolo,0.9761904761904762,False,False,0.0
q_0423,2,0.9,gemma4_e4b,gemma4_e4b,True,0.0,0.6037735849056604,0.6037735849056604,1,Bsolo,0.9761904761904762,False,False,1.0
q_0434,2,0.9,gemma4_e4b,gemma4_e4b,True,0.0,0.9473684210526316,0.9473684210526316,1,Bsolo,0.9761904761904762,False,False,1.0
q_0443,2,0.9,gemma4_e4b,gemma4_e4b,True,0.75,0.9761904761904762,0.9761904761904762,0,Bsolo,0.9761904761904762,False,False,0.0
q_0451,2,0.9,gemma4_e4b,gemma4_e4b,True,1.0,0.9473684210526316,0.9473684210526316,0,Bsolo,0.9761904761904762,False,False,0.0
q_0463,2,0.9,gemma4_e4b,gemma4_e4b,False,,0.9473684210526316,0.9473684210526316,0,Bsolo,0.9761904761904762,False,False,0.0
q_0475,2,0.9,gemma4_e4b,gemma4_e4b,False,,0.9761904761904762,0.9761904761904762,0,Bsolo,0.9761904761904762,False,False,0.0
q_0507,2,0.9,gemma4_e4b,gemma4_e4b,True,1.0,0.9473684210526316,0.9473684210526316,0,Bsolo,0.9761904761904762,False,False,0.0
q_0514,2,0.9,gemma4_e4b,gemma4_e4b,True,0.6666666666666666,0.6037735849056604,0.6037735849056604,0,Bsolo,0.9761904761904762,False,False,0.0
q_0525,2,0.9,gemma4_e4b,gemma4_e4b,True,1.0,0.6037735849056604,0.6037735849056604,0,Bsolo,0.9761904761904762,False,False,0.0
q_0559,2,0.9,gemma4_e4b,gemma4_e4b,True,0.375,0.6037735849056604,0.6037735849056604,0,Bsolo,0.9761904761904762,False,False,0.0
q_0580,2,0.9,gemma4_e4b,gemma4_e4b,True,0.0,1.0,1.0,0,Bsolo,0.9761904761904762,True,True,
q_0587,2,0.9,gemma4_e4b,gemma4_e4b,True,0.5,0.9761904761904762,0.9761904761904762,0,Bsolo,0.9761904761904762,False,False,0.0
q_0622,2,0.9,gemma4_e4b,gemma4_e4b,False,,0.9761904761904762,0.9761904761904762,0,Bsolo,0.9761904761904762,False,False,0.0
q_0624,2,0.9,gemma4_e4b,gemma4_e4b,True,0.6666666666666666,0.6037735849056604,0.6037735849056604,0,Bsolo,0.9761904761904762,False,False,0.0
q_0686,2,0.9,gemma4_e4b,gemma4_e4b,True,1.0,0.9761904761904762,0.9761904761904762,1,Bsolo,0.9761904761904762,False,False,1.0
q_0692,2,0.9,gemma4_e4b,gemma4_e4b,True,1.0,0.9761904761904762,0.9761904761904762,0,Bsolo,0.9761904761904762,False,False,0.0
q_0700,2,0.9,gemma4_e4b,gemma4_e4b,True,1.0,0.9761904761904762,0.9761904761904762,0,Bsolo,0.9761904761904762,False,False,0.0
q_0018,3,0.9,gemma4_e4b,gemma4_e4b,True,0.0,0.9375,0.9375,0,Bsolo,0.9583333333333334,False,False,0.0
q_0079,3,0.9,gemma4_e4b,gemma4_e4b,True,0.3333333333333333,0.8888888888888888,0.8888888888888888,0,Bsolo,0.9583333333333334,False,False,0.0
q_0083,3,0.9,gemma4_e4b,gemma4_e4b,False,,0.8888888888888888,0.8888888888888888,0,Bsolo,0.9583333333333334,False,False,0.0
q_0098,3,0.9,gemma4_e4b,gemma4_e4b,True,1.0,0.6274509803921569,0.6274509803921569,0,Bsolo,0.9583333333333334,False,False,0.0
q_0117,3,0.9,gemma4_e4b,gemma4_e4b,True,0.5,0.6274509803921569,0.6274509803921569,0,Bsolo,0.9583333333333334,False,False,0.0
q_0149,3,0.9,gemma4_e4b,gemma4_e4b,True,0.09090909090909091,0.8888888888888888,0.8888888888888888,0,Bsolo,0.9583333333333334,False,False,0.0
q_0180,3,0.9,gemma4_e4b,gemma4_e4b,True,0.25,0.9583333333333334,0.9583333333333334,0,Bsolo,0.9583333333333334,False,False,0.0
q_0189,3,0.9,gemma4_e4b,gemma4_e4b,True,0.0,0.6274509803921569,0.6274509803921569,0,Bsolo,0.9583333333333334,False,False,0.0
q_0198,3,0.9,gemma4_e4b,gemma4_e4b,True,0.3333333333333333,0.6274509803921569,0.6274509803921569,1,Bsolo,0.9583333333333334,False,False,1.0
q_0223,3,0.9,gemma4_e4b,gemma4_e4b,False,,0.6274509803921569,0.6274509803921569,1,Bsolo,0.9583333333333334,False,False,1.0
q_0260,3,0.9,gemma4_e4b,gemma4_e4b,True,0.0,0.9583333333333334,0.9583333333333334,0,Bsolo,0.9583333333333334,False,False,0.0
q_0277,3,0.9,gemma4_e4b,gemma4_e4b,True,0.0,0.9375,0.9375,0,Bsolo,0.9583333333333334,False,False,0.0
q_0283,3,0.9,gemma4_e4b,gemma4_e4b,True,0.25,0.6274509803921569,0.6274509803921569,0,Bsolo,0.9583333333333334,False,False,0.0
q_0299,3,0.9,gemma4_e4b,gemma4_e4b,True,0.5,0.9583333333333334,0.9583333333333334,0,Bsolo,0.9583333333333334,False,False,0.0
q_0335,3,0.9,gemma4_e4b,gemma4_e4b,True,0.14285714285714285,0.6274509803921569,0.6274509803921569,0,Bsolo,0.9583333333333334,False,False,0.0
q_0343,3,0.9,gemma4_e4b,gemma4_e4b,False,,1.0,1.0,0,Bsolo,0.9583333333333334,True,True,
q_0345,3,0.9,gemma4_e4b,gemma4_e4b,True,0.4,1.0,1.0,0,Bsolo,0.9583333333333334,True,True,
q_0383,3,0.9,gemma4_e4b,gemma4_e4b,True,1.0,0.6274509803921569,0.6274509803921569,1,Bsolo,0.9583333333333334,False,False,1.0
q_0385,3,0.9,gemma4_e4b,gemma4_e4b,True,0.0,0.6274509803921569,0.6274509803921569,0,Bsolo,0.9583333333333334,False,False,0.0
q_0388,3,0.9,gemma4_e4b,gemma4_e4b,True,0.0,0.8888888888888888,0.8888888888888888,0,Bsolo,0.9583333333333334,False,False,0.0
q_0396,3,0.9,gemma4_e4b,gemma4_e4b,False,,0.8888888888888888,0.8888888888888888,0,Bsolo,0.9583333333333334,False,False,0.0
q_0399,3,0.9,gemma4_e4b,gemma4_e4b,True,0.0,0.6274509803921569,0.6274509803921569,0,Bsolo,0.9583333333333334,False,False,0.0
q_0424,3,0.9,gemma4_e4b,gemma4_e4b,True,1.0,0.9375,0.9375,0,Bsolo,0.9583333333333334,False,False,0.0
q_0435,3,0.9,gemma4_e4b,gemma4_e4b,True,0.0,0.9375,0.9375,0,Bsolo,0.9583333333333334,False,False,0.0
q_0438,3,0.9,gemma4_e4b,gemma4_e4b,True,0.75,1.0,1.0,0,Bsolo,0.9583333333333334,True,True,
q_0455,3,0.9,gemma4_e4b,gemma4_e4b,True,1.0,0.9583333333333334,0.9583333333333334,0,Bsolo,0.9583333333333334,False,False,0.0
q_0467,3,0.9,gemma4_e4b,gemma4_e4b,False,,0.9375,0.9375,0,Bsolo,0.9583333333333334,False,False,0.0
q_0478,3,0.9,gemma4_e4b,gemma4_e4b,False,,0.9583333333333334,0.9583333333333334,0,Bsolo,0.9583333333333334,False,False,0.0
q_0516,3,0.9,gemma4_e4b,gemma4_e4b,True,1.0,0.8888888888888888,0.8888888888888888,0,Bsolo,0.9583333333333334,False,False,0.0
q_0522,3,0.9,gemma4_e4b,gemma4_e4b,True,1.0,0.9375,0.9375,0,Bsolo,0.9583333333333334,False,False,0.0
q_0546,3,0.9,gemma4_e4b,gemma4_e4b,False,,0.9583333333333334,0.9583333333333334,0,Bsolo,0.9583333333333334,False,False,0.0
q_0549,3,0.9,gemma4_e4b,gemma4_e4b,True,1.0,0.9583333333333334,0.9583333333333334,0,Bsolo,0.9583333333333334,False,False,0.0
q_0553,3,0.9,gemma4_e4b,gemma4_e4b,True,1.0,0.9375,0.9375,0,Bsolo,0.9583333333333334,False,False,0.0
q_0564,3,0.9,gemma4_e4b,gemma4_e4b,True,0.25,0.6274509803921569,0.6274509803921569,0,Bsolo,0.9583333333333334,False,False,0.0
q_0576,3,0.9,gemma4_e4b,gemma4_e4b,True,0.0,0.8888888888888888,0.8888888888888888,0,Bsolo,0.9583333333333334,False,False,0.0
q_0608,3,0.9,gemma4_e4b,gemma4_e4b,True,0.5,0.9583333333333334,0.9583333333333334,0,Bsolo,0.9583333333333334,False,False,0.0
q_0671,3,0.9,gemma4_e4b,gemma4_e4b,True,0.0,0.6274509803921569,0.6274509803921569,1,Bsolo,0.9583333333333334,False,False,1.0
q_0676,3,0.9,gemma4_e4b,gemma4_e4b,True,1.0,0.9375,0.9375,0,Bsolo,0.9583333333333334,False,False,0.0
q_0690,3,0.9,gemma4_e4b,gemma4_e4b,True,1.0,0.9583333333333334,0.9583333333333334,0,Bsolo,0.9583333333333334,False,False,0.0
q_0694,3,0.9,gemma4_e4b,gemma4_e4b,True,1.0,0.6274509803921569,0.6274509803921569,1,Bsolo,0.9583333333333334,False,False,1.0
q_0022,4,0.9,gemma4_e4b,gemma4_e4b,True,1.0,0.9761904761904762,0.9761904761904762,0,Bsolo,1.0,False,False,0.0
q_0023,4,0.9,gemma4_e4b,gemma4_e4b,True,1.0,0.9761904761904762,0.9761904761904762,0,Bsolo,1.0,False,False,0.0
q_0031,4,0.9,gemma4_e4b,gemma4_e4b,True,0.5,0.6037735849056604,0.6037735849056604,1,Bsolo,1.0,False,False,1.0
q_0040,4,0.9,gemma4_e4b,gemma4_e4b,True,1.0,0.6037735849056604,0.6037735849056604,1,Bsolo,1.0,False,False,1.0
q_0060,4,0.9,gemma4_e4b,gemma4_e4b,False,,0.9761904761904762,0.9761904761904762,0,Bsolo,1.0,False,False,0.0
q_0069,4,0.9,gemma4_e4b,gemma4_e4b,True,0.6666666666666666,0.6037735849056604,0.6037735849056604,0,Bsolo,1.0,False,False,0.0
q_0073,4,0.9,gemma4_e4b,gemma4_e4b,False,,0.6037735849056604,0.6037735849056604,0,Bsolo,1.0,False,False,0.0
q_0105,4,0.9,gemma4_e4b,gemma4_e4b,True,1.0,0.9473684210526316,0.9473684210526316,0,Bsolo,1.0,False,False,0.0
q_0118,4,0.9,gemma4_e4b,gemma4_e4b,True,1.0,0.6037735849056604,0.6037735849056604,1,Bsolo,1.0,False,False,1.0
q_0139,4,0.9,gemma4_e4b,gemma4_e4b,True,1.0,0.6037735849056604,0.6037735849056604,1,Bsolo,1.0,False,False,1.0
q_0146,4,0.9,gemma4_e4b,gemma4_e4b,False,,0.9761904761904762,0.9761904761904762,0,Bsolo,1.0,False,False,0.0
q_0166,4,0.9,gemma4_e4b,gemma4_e4b,False,,0.9761904761904762,0.9761904761904762,0,Bsolo,1.0,False,False,0.0
q_0192,4,0.9,gemma4_e4b,gemma4_e4b,True,1.0,0.6037735849056604,0.6037735849056604,0,Bsolo,1.0,False,False,0.0
q_0222,4,0.9,gemma4_e4b,gemma4_e4b,True,0.0,0.9761904761904762,0.9761904761904762,0,Bsolo,1.0,False,False,0.0
q_0224,4,0.9,gemma4_e4b,gemma4_e4b,True,1.0,0.6037735849056604,0.6037735849056604,0,Bsolo,1.0,False,False,0.0
q_0284,4,0.9,gemma4_e4b,gemma4_e4b,True,1.0,0.6037735849056604,0.6037735849056604,1,Bsolo,1.0,False,False,1.0
q_0285,4,0.9,gemma4_e4b,gemma4_e4b,True,0.2,0.6037735849056604,0.6037735849056604,1,Bsolo,1.0,False,False,1.0
q_0364,4,0.9,gemma4_e4b,gemma4_e4b,True,0.4,0.6037735849056604,0.6037735849056604,0,Bsolo,1.0,False,False,0.0
q_0369,4,0.9,gemma4_e4b,gemma4_e4b,True,1.0,0.6037735849056604,0.6037735849056604,1,Bsolo,1.0,False,False,1.0
q_0374,4,0.9,gemma4_e4b,gemma4_e4b,False,,0.6037735849056604,0.6037735849056604,1,Bsolo,1.0,False,False,1.0
q_0382,4,0.9,gemma4_e4b,gemma4_e4b,False,,0.9761904761904762,0.9761904761904762,1,Bsolo,1.0,False,False,1.0
q_0395,4,0.9,gemma4_e4b,gemma4_e4b,True,0.0,0.6037735849056604,0.6037735849056604,0,Bsolo,1.0,False,False,0.0
q_0433,4,0.9,gemma4_e4b,gemma4_e4b,True,0.0,0.6037735849056604,0.6037735849056604,1,Bsolo,1.0,False,False,1.0
q_0459,4,0.9,gemma4_e4b,gemma4_e4b,True,1.0,0.9473684210526316,0.9473684210526316,0,Bsolo,1.0,False,False,0.0
q_0480,4,0.9,gemma4_e4b,gemma4_e4b,True,1.0,0.9473684210526316,0.9473684210526316,0,Bsolo,1.0,False,False,0.0
q_0481,4,0.9,gemma4_e4b,gemma4_e4b,True,0.25,0.6037735849056604,0.6037735849056604,0,Bsolo,1.0,False,False,0.0
q_0492,4,0.9,gemma4_e4b,gemma4_e4b,True,1.0,0.6037735849056604,0.6037735849056604,0,Bsolo,1.0,False,False,0.0
q_0515,4,0.9,gemma4_e4b,gemma4_e4b,True,1.0,0.9761904761904762,0.9761904761904762,0,Bsolo,1.0,False,False,0.0
q_0523,4,0.9,gemma4_e4b,gemma4_e4b,False,,0.9761904761904762,0.9761904761904762,0,Bsolo,1.0,False,False,0.0
q_0524,4,0.9,gemma4_e4b,gemma4_e4b,True,1.0,0.9761904761904762,0.9761904761904762,0,Bsolo,1.0,False,False,0.0
q_0527,4,0.9,gemma4_e4b,gemma4_e4b,True,1.0,0.6037735849056604,0.6037735849056604,1,Bsolo,1.0,False,False,1.0
q_0530,4,0.9,gemma4_e4b,gemma4_e4b,True,1.0,0.6037735849056604,0.6037735849056604,0,Bsolo,1.0,False,False,0.0
q_0538,4,0.9,gemma4_e4b,gemma4_e4b,True,1.0,0.9761904761904762,0.9761904761904762,0,Bsolo,1.0,False,False,0.0
q_0563,4,0.9,gemma4_e4b,gemma4_e4b,True,1.0,0.9761904761904762,0.9761904761904762,0,Bsolo,1.0,False,False,0.0
q_0574,4,0.9,gemma4_e4b,gemma4_e4b,True,1.0,0.6037735849056604,0.6037735849056604,0,Bsolo,1.0,False,False,0.0
q_0583,4,0.9,gemma4_e4b,gemma4_e4b,True,1.0,0.6037735849056604,0.6037735849056604,1,Bsolo,1.0,False,False,1.0
q_0630,4,0.9,gemma4_e4b,gemma4_e4b,True,0.5,0.6037735849056604,0.6037735849056604,0,Bsolo,1.0,False,False,0.0
q_0644,4,0.9,gemma4_e4b,gemma4_e4b,True,0.5,0.9761904761904762,0.9761904761904762,1,Bsolo,1.0,False,False,1.0
q_0647,4,0.9,gemma4_e4b,gemma4_e4b,True,0.0,0.9473684210526316,0.9473684210526316,0,Bsolo,1.0,False,False,0.0
q_0711,4,0.9,gemma4_e4b,gemma4_e4b,True,1.0,0.6037735849056604,0.6037735849056604,0,Bsolo,1.0,False,False,0.0
q_0004,0,0.7,granite41_8b,granite41_8b,True,1.0,0.6666666666666667,0.6666666666666667,0,Bsolo,0.95,False,False,0.0
q_0035,0,0.7,granite41_8b,granite41_8b,False,,0.6666666666666667,0.6666666666666667,0,Bsolo,0.95,False,False,0.0
q_0045,0,0.7,granite41_8b,granite41_8b,True,0.0,0.6666666666666667,0.6666666666666667,0,Bsolo,0.95,False,False,0.0
q_0048,0,0.7,granite41_8b,granite41_8b,True,0.0,0.95,0.95,0,Bsolo,0.95,False,False,0.0
q_0050,0,0.7,granite41_8b,granite41_8b,True,1.0,0.7843137254901961,0.7843137254901961,0,Bsolo,0.95,False,False,0.0
q_0062,0,0.7,granite41_8b,granite41_8b,True,0.5,0.6666666666666667,0.6666666666666667,0,Bsolo,0.95,False,False,0.0
q_0082,0,0.7,granite41_8b,granite41_8b,True,0.0,0.7843137254901961,0.7843137254901961,0,Bsolo,0.95,False,False,0.0
q_0101,0,0.7,granite41_8b,granite41_8b,True,1.0,0.7843137254901961,0.7843137254901961,1,Bsolo,0.95,False,False,1.0
q_0123,0,0.7,granite41_8b,granite41_8b,True,0.14285714285714285,0.7843137254901961,0.7843137254901961,0,Bsolo,0.95,False,False,0.0
q_0129,0,0.7,granite41_8b,granite41_8b,True,0.15384615384615385,0.7843137254901961,0.7843137254901961,0,Bsolo,0.95,False,False,0.0
q_0130,0,0.7,granite41_8b,granite41_8b,True,1.0,1.0,1.0,0,Bsolo,0.95,True,True,
q_0202,0,0.7,granite41_8b,granite41_8b,True,0.0,0.7843137254901961,0.7843137254901961,0,Bsolo,0.95,False,False,0.0
q_0212,0,0.7,granite41_8b,granite41_8b,True,0.6666666666666666,0.7843137254901961,0.7843137254901961,0,Bsolo,0.95,False,False,0.0
q_0236,0,0.7,granite41_8b,granite41_8b,True,0.0,0.6666666666666667,0.6666666666666667,0,Bsolo,0.95,False,False,0.0
q_0241,0,0.7,granite41_8b,granite41_8b,True,0.0,1.0,1.0,1,Bsolo,0.95,True,True,
q_0259,0,0.7,granite41_8b,granite41_8b,True,1.0,1.0,1.0,0,Bsolo,0.95,True,True,
q_0266,0,0.7,granite41_8b,granite41_8b,True,1.0,0.6666666666666667,0.6666666666666667,1,Bsolo,0.95,False,False,1.0
q_0274,0,0.7,granite41_8b,granite41_8b,True,0.3333333333333333,0.7843137254901961,0.7843137254901961,0,Bsolo,0.95,False,False,0.0
q_0289,0,0.7,granite41_8b,granite41_8b,True,0.75,0.6666666666666667,0.6666666666666667,1,Bsolo,0.95,False,False,1.0
q_0306,0,0.7,granite41_8b,granite41_8b,True,0.2,1.0,1.0,1,Bsolo,0.95,True,True,
q_0362,0,0.7,granite41_8b,granite41_8b,True,0.0,0.7843137254901961,0.7843137254901961,0,Bsolo,0.95,False,False,0.0
q_0368,0,0.7,granite41_8b,granite41_8b,True,1.0,0.6666666666666667,0.6666666666666667,0,Bsolo,0.95,False,False,0.0
q_0371,0,0.7,granite41_8b,granite41_8b,True,1.0,0.6666666666666667,0.6666666666666667,1,Bsolo,0.95,False,False,1.0
q_0372,0,0.7,granite41_8b,granite41_8b,False,,0.7843137254901961,0.7843137254901961,0,Bsolo,0.95,False,False,0.0
q_0378,0,0.7,granite41_8b,granite41_8b,True,0.0,0.95,0.95,0,Bsolo,0.95,False,False,0.0
q_0384,0,0.7,granite41_8b,granite41_8b,True,1.0,0.7843137254901961,0.7843137254901961,1,Bsolo,0.95,False,False,1.0
q_0417,0,0.7,granite41_8b,granite41_8b,True,0.0,0.6666666666666667,0.6666666666666667,1,Bsolo,0.95,False,False,1.0
q_0432,0,0.7,granite41_8b,granite41_8b,True,1.0,0.6666666666666667,0.6666666666666667,0,Bsolo,0.95,False,False,0.0
q_0462,0,0.7,granite41_8b,granite41_8b,False,,0.95,0.95,0,Bsolo,0.95,False,False,0.0
q_0466,0,0.7,granite41_8b,granite41_8b,False,,0.95,0.95,0,Bsolo,0.95,False,False,0.0
q_0471,0,0.7,granite41_8b,granite41_8b,True,0.0,0.7843137254901961,0.7843137254901961,0,Bsolo,0.95,False,False,0.0
q_0494,0,0.7,granite41_8b,granite41_8b,True,0.6,0.7843137254901961,0.7843137254901961,0,Bsolo,0.95,False,False,0.0
q_0531,0,0.7,granite41_8b,granite41_8b,True,0.3333333333333333,0.7843137254901961,0.7843137254901961,0,Bsolo,0.95,False,False,0.0
q_0567,0,0.7,granite41_8b,granite41_8b,False,,0.95,0.95,0,Bsolo,0.95,False,False,0.0
q_0577,0,0.7,granite41_8b,granite41_8b,True,1.0,0.7843137254901961,0.7843137254901961,0,Bsolo,0.95,False,False,0.0
q_0586,0,0.7,granite41_8b,granite41_8b,False,,0.6666666666666667,0.6666666666666667,0,Bsolo,0.95,False,False,0.0
q_0602,0,0.7,granite41_8b,granite41_8b,True,0.0,0.7843137254901961,0.7843137254901961,0,Bsolo,0.95,False,False,0.0
q_0704,0,0.7,granite41_8b,granite41_8b,True,0.5,0.95,0.95,0,Bsolo,0.95,False,False,0.0
q_0706,0,0.7,granite41_8b,granite41_8b,True,0.5,0.6666666666666667,0.6666666666666667,0,Bsolo,0.95,False,False,0.0
q_0712,0,0.7,granite41_8b,granite41_8b,True,0.0,0.95,0.95,0,Bsolo,0.95,False,False,0.0
q_0044,1,0.7,granite41_8b,granite41_8b,True,0.0,0.7959183673469388,0.7959183673469388,0,Bsolo,0.9117647058823529,False,False,0.0
q_0052,1,0.7,granite41_8b,granite41_8b,True,0.0,0.7959183673469388,0.7959183673469388,0,Bsolo,0.9117647058823529,False,False,0.0
q_0084,1,0.7,granite41_8b,granite41_8b,False,,0.9117647058823529,0.9117647058823529,0,Bsolo,0.9117647058823529,False,False,0.0
q_0097,1,0.7,granite41_8b,granite41_8b,True,0.25,0.6451612903225806,0.6451612903225806,1,Bsolo,0.9117647058823529,False,False,1.0
q_0099,1,0.7,granite41_8b,granite41_8b,True,1.0,0.9117647058823529,0.9117647058823529,0,Bsolo,0.9117647058823529,False,False,0.0
q_0156,1,0.7,granite41_8b,granite41_8b,True,1.0,1.0,1.0,0,Bsolo,0.9117647058823529,True,True,
q_0220,1,0.7,granite41_8b,granite41_8b,True,0.5,0.6451612903225806,0.6451612903225806,1,Bsolo,0.9117647058823529,False,False,1.0
q_0263,1,0.7,granite41_8b,granite41_8b,True,0.5,0.7959183673469388,0.7959183673469388,1,Bsolo,0.9117647058823529,False,False,1.0
q_0275,1,0.7,granite41_8b,granite41_8b,True,0.0,0.7959183673469388,0.7959183673469388,0,Bsolo,0.9117647058823529,False,False,0.0
q_0288,1,0.7,granite41_8b,granite41_8b,True,1.0,0.6451612903225806,0.6451612903225806,0,Bsolo,0.9117647058823529,False,False,0.0
q_0315,1,0.7,granite41_8b,granite41_8b,True,1.0,0.7959183673469388,0.7959183673469388,0,Bsolo,0.9117647058823529,False,False,0.0
q_0327,1,0.7,granite41_8b,granite41_8b,True,0.1111111111111111,0.7959183673469388,0.7959183673469388,0,Bsolo,0.9117647058823529,False,False,0.0
q_0375,1,0.7,granite41_8b,granite41_8b,True,0.0,0.7959183673469388,0.7959183673469388,0,Bsolo,0.9117647058823529,False,False,0.0
q_0392,1,0.7,granite41_8b,granite41_8b,True,0.5,0.6451612903225806,0.6451612903225806,0,Bsolo,0.9117647058823529,False,False,0.0
q_0397,1,0.7,granite41_8b,granite41_8b,True,0.0,0.7959183673469388,0.7959183673469388,0,Bsolo,0.9117647058823529,False,False,0.0
q_0400,1,0.7,granite41_8b,granite41_8b,True,0.3333333333333333,0.7959183673469388,0.7959183673469388,0,Bsolo,0.9117647058823529,False,False,0.0
q_0403,1,0.7,granite41_8b,granite41_8b,True,1.0,0.6451612903225806,0.6451612903225806,1,Bsolo,0.9117647058823529,False,False,1.0
q_0404,1,0.7,granite41_8b,granite41_8b,True,1.0,0.6451612903225806,0.6451612903225806,1,Bsolo,0.9117647058823529,False,False,1.0
q_0409,1,0.7,granite41_8b,granite41_8b,True,0.3333333333333333,0.6451612903225806,0.6451612903225806,0,Bsolo,0.9117647058823529,False,False,0.0
q_0426,1,0.7,granite41_8b,granite41_8b,True,1.0,0.7959183673469388,0.7959183673469388,1,Bsolo,0.9117647058823529,False,False,1.0
q_0429,1,0.7,granite41_8b,granite41_8b,False,,0.7959183673469388,0.7959183673469388,0,Bsolo,0.9117647058823529,False,False,0.0
q_0486,1,0.7,granite41_8b,granite41_8b,True,1.0,0.7959183673469388,0.7959183673469388,0,Bsolo,0.9117647058823529,False,False,0.0
q_0510,1,0.7,granite41_8b,granite41_8b,False,,0.9117647058823529,0.9117647058823529,0,Bsolo,0.9117647058823529,False,False,0.0
q_0517,1,0.7,granite41_8b,granite41_8b,True,1.0,0.6451612903225806,0.6451612903225806,0,Bsolo,0.9117647058823529,False,False,0.0
q_0519,1,0.7,granite41_8b,granite41_8b,True,0.6666666666666666,0.9117647058823529,0.9117647058823529,0,Bsolo,0.9117647058823529,False,False,0.0
q_0540,1,0.7,granite41_8b,granite41_8b,True,0.6666666666666666,0.7959183673469388,0.7959183673469388,0,Bsolo,0.9117647058823529,False,False,0.0
q_0542,1,0.7,granite41_8b,granite41_8b,False,,0.9117647058823529,0.9117647058823529,0,Bsolo,0.9117647058823529,False,False,0.0
q_0550,1,0.7,granite41_8b,granite41_8b,True,1.0,0.9117647058823529,0.9117647058823529,0,Bsolo,0.9117647058823529,False,False,0.0
q_0578,1,0.7,granite41_8b,granite41_8b,True,0.0,0.9117647058823529,0.9117647058823529,0,Bsolo,0.9117647058823529,False,False,0.0
q_0588,1,0.7,granite41_8b,granite41_8b,True,1.0,0.7959183673469388,0.7959183673469388,0,Bsolo,0.9117647058823529,False,False,0.0
q_0595,1,0.7,granite41_8b,granite41_8b,True,1.0,0.9117647058823529,0.9117647058823529,0,Bsolo,0.9117647058823529,False,False,0.0
q_0600,1,0.7,granite41_8b,granite41_8b,True,0.25,0.7959183673469388,0.7959183673469388,0,Bsolo,0.9117647058823529,False,False,0.0
q_0604,1,0.7,granite41_8b,granite41_8b,True,0.0,0.7959183673469388,0.7959183673469388,0,Bsolo,0.9117647058823529,False,False,0.0
q_0612,1,0.7,granite41_8b,granite41_8b,True,0.0,0.6451612903225806,0.6451612903225806,0,Bsolo,0.9117647058823529,False,False,0.0
q_0625,1,0.7,granite41_8b,granite41_8b,True,1.0,0.7959183673469388,0.7959183673469388,1,Bsolo,0.9117647058823529,False,False,1.0
q_0640,1,0.7,granite41_8b,granite41_8b,False,,0.9117647058823529,0.9117647058823529,0,Bsolo,0.9117647058823529,False,False,0.0
q_0654,1,0.7,granite41_8b,granite41_8b,False,,0.9117647058823529,0.9117647058823529,0,Bsolo,0.9117647058823529,False,False,0.0
q_0693,1,0.7,granite41_8b,granite41_8b,True,1.0,0.6451612903225806,0.6451612903225806,0,Bsolo,0.9117647058823529,False,False,0.0
q_0708,1,0.7,granite41_8b,granite41_8b,True,0.25,0.7959183673469388,0.7959183673469388,0,Bsolo,0.9117647058823529,False,False,0.0
q_0710,1,0.7,granite41_8b,granite41_8b,True,1.0,0.6451612903225806,0.6451612903225806,0,Bsolo,0.9117647058823529,False,False,0.0
q_0039,2,0.7,granite41_8b,granite41_8b,True,1.0,0.8235294117647058,0.8235294117647058,0,Bsolo,0.9310344827586207,False,False,0.0
q_0061,2,0.7,granite41_8b,granite41_8b,True,0.0,1.0,1.0,0,Bsolo,0.9310344827586207,True,True,
q_0080,2,0.7,granite41_8b,granite41_8b,False,,0.9310344827586207,0.9310344827586207,0,Bsolo,0.9310344827586207,False,False,0.0
q_0106,2,0.7,granite41_8b,granite41_8b,True,0.5,0.8235294117647058,0.8235294117647058,0,Bsolo,0.9310344827586207,False,False,0.0
q_0111,2,0.7,granite41_8b,granite41_8b,True,1.0,0.9310344827586207,0.9310344827586207,0,Bsolo,0.9310344827586207,False,False,0.0
q_0152,2,0.7,granite41_8b,granite41_8b,True,0.3333333333333333,0.8235294117647058,0.8235294117647058,0,Bsolo,0.9310344827586207,False,False,0.0
q_0162,2,0.7,granite41_8b,granite41_8b,True,0.75,0.8235294117647058,0.8235294117647058,0,Bsolo,0.9310344827586207,False,False,0.0
q_0169,2,0.7,granite41_8b,granite41_8b,False,,0.9310344827586207,0.9310344827586207,0,Bsolo,0.9310344827586207,False,False,0.0
q_0182,2,0.7,granite41_8b,granite41_8b,True,0.6666666666666666,0.8235294117647058,0.8235294117647058,1,Bsolo,0.9310344827586207,False,False,1.0
q_0194,2,0.7,granite41_8b,granite41_8b,True,0.5,0.8235294117647058,0.8235294117647058,0,Bsolo,0.9310344827586207,False,False,0.0
q_0207,2,0.7,granite41_8b,granite41_8b,True,0.2,0.9310344827586207,0.9310344827586207,0,Bsolo,0.9310344827586207,False,False,0.0
q_0215,2,0.7,granite41_8b,granite41_8b,True,0.6666666666666666,0.7419354838709677,0.7419354838709677,0,Bsolo,0.9310344827586207,False,False,0.0
q_0216,2,0.7,granite41_8b,granite41_8b,True,0.0,0.8235294117647058,0.8235294117647058,0,Bsolo,0.9310344827586207,False,False,0.0
q_0231,2,0.7,granite41_8b,granite41_8b,True,0.5,0.8235294117647058,0.8235294117647058,1,Bsolo,0.9310344827586207,False,False,1.0
q_0237,2,0.7,granite41_8b,granite41_8b,True,0.0,0.8235294117647058,0.8235294117647058,1,Bsolo,0.9310344827586207,False,False,1.0
q_0246,2,0.7,granite41_8b,granite41_8b,True,0.4,0.9310344827586207,0.9310344827586207,0,Bsolo,0.9310344827586207,False,False,0.0
q_0257,2,0.7,granite41_8b,granite41_8b,True,1.0,1.0,1.0,0,Bsolo,0.9310344827586207,True,True,
q_0268,2,0.7,granite41_8b,granite41_8b,True,0.0,0.9310344827586207,0.9310344827586207,0,Bsolo,0.9310344827586207,False,False,0.0
q_0296,2,0.7,granite41_8b,granite41_8b,True,0.0,0.8235294117647058,0.8235294117647058,0,Bsolo,0.9310344827586207,False,False,0.0
q_0323,2,0.7,granite41_8b,granite41_8b,True,1.0,0.8235294117647058,0.8235294117647058,0,Bsolo,0.9310344827586207,False,False,0.0
q_0347,2,0.7,granite41_8b,granite41_8b,False,,0.9310344827586207,0.9310344827586207,1,Bsolo,0.9310344827586207,False,False,1.0
q_0352,2,0.7,granite41_8b,granite41_8b,True,0.0,0.7419354838709677,0.7419354838709677,1,Bsolo,0.9310344827586207,False,False,1.0
q_0356,2,0.7,granite41_8b,granite41_8b,True,0.0,0.9310344827586207,0.9310344827586207,0,Bsolo,0.9310344827586207,False,False,0.0
q_0423,2,0.7,granite41_8b,granite41_8b,True,0.0,0.25,0.25,0,Bsolo,0.9310344827586207,False,False,0.0
q_0434,2,0.7,granite41_8b,granite41_8b,True,0.0,0.8235294117647058,0.8235294117647058,0,Bsolo,0.9310344827586207,False,False,0.0
q_0443,2,0.7,granite41_8b,granite41_8b,True,0.75,0.7419354838709677,0.7419354838709677,1,Bsolo,0.9310344827586207,False,False,1.0
q_0451,2,0.7,granite41_8b,granite41_8b,True,1.0,0.9310344827586207,0.9310344827586207,0,Bsolo,0.9310344827586207,False,False,0.0
q_0463,2,0.7,granite41_8b,granite41_8b,False,,0.9310344827586207,0.9310344827586207,0,Bsolo,0.9310344827586207,False,False,0.0
q_0475,2,0.7,granite41_8b,granite41_8b,False,,0.9310344827586207,0.9310344827586207,0,Bsolo,0.9310344827586207,False,False,0.0
q_0507,2,0.7,granite41_8b,granite41_8b,True,1.0,0.8235294117647058,0.8235294117647058,0,Bsolo,0.9310344827586207,False,False,0.0
q_0514,2,0.7,granite41_8b,granite41_8b,True,0.6666666666666666,0.8235294117647058,0.8235294117647058,0,Bsolo,0.9310344827586207,False,False,0.0
q_0525,2,0.7,granite41_8b,granite41_8b,True,1.0,0.7419354838709677,0.7419354838709677,0,Bsolo,0.9310344827586207,False,False,0.0
q_0559,2,0.7,granite41_8b,granite41_8b,True,0.375,0.7419354838709677,0.7419354838709677,1,Bsolo,0.9310344827586207,False,False,1.0
q_0580,2,0.7,granite41_8b,granite41_8b,True,0.0,0.9310344827586207,0.9310344827586207,0,Bsolo,0.9310344827586207,False,False,0.0
q_0587,2,0.7,granite41_8b,granite41_8b,True,0.5,0.8235294117647058,0.8235294117647058,0,Bsolo,0.9310344827586207,False,False,0.0
q_0622,2,0.7,granite41_8b,granite41_8b,False,,0.9310344827586207,0.9310344827586207,0,Bsolo,0.9310344827586207,False,False,0.0
q_0624,2,0.7,granite41_8b,granite41_8b,True,0.6666666666666666,0.7419354838709677,0.7419354838709677,1,Bsolo,0.9310344827586207,False,False,1.0
q_0686,2,0.7,granite41_8b,granite41_8b,True,1.0,0.8235294117647058,0.8235294117647058,1,Bsolo,0.9310344827586207,False,False,1.0
q_0692,2,0.7,granite41_8b,granite41_8b,True,1.0,0.9310344827586207,0.9310344827586207,0,Bsolo,0.9310344827586207,False,False,0.0
q_0700,2,0.7,granite41_8b,granite41_8b,True,1.0,0.9310344827586207,0.9310344827586207,0,Bsolo,0.9310344827586207,False,False,0.0
q_0018,3,0.7,granite41_8b,granite41_8b,True,0.0,0.6538461538461539,0.6538461538461539,0,Bsolo,0.9142857142857143,False,False,0.0
q_0079,3,0.7,granite41_8b,granite41_8b,True,0.3333333333333333,0.7646153846153846,0.7646153846153846,0,Bsolo,0.9142857142857143,False,False,0.0
q_0083,3,0.7,granite41_8b,granite41_8b,False,,0.9142857142857143,0.9142857142857143,0,Bsolo,0.9142857142857143,False,False,0.0
q_0098,3,0.7,granite41_8b,granite41_8b,True,1.0,0.8200000000000001,0.8200000000000001,0,Bsolo,0.9142857142857143,False,False,0.0
q_0117,3,0.7,granite41_8b,granite41_8b,True,0.5,0.6538461538461539,0.6538461538461539,0,Bsolo,0.9142857142857143,False,False,0.0
q_0149,3,0.7,granite41_8b,granite41_8b,True,0.09090909090909091,1.0,1.0,0,Bsolo,0.9142857142857143,True,True,
q_0180,3,0.7,granite41_8b,granite41_8b,True,0.25,0.8200000000000001,0.8200000000000001,0,Bsolo,0.9142857142857143,False,False,0.0
q_0189,3,0.7,granite41_8b,granite41_8b,True,0.0,0.8200000000000001,0.8200000000000001,0,Bsolo,0.9142857142857143,False,False,0.0
q_0198,3,0.7,granite41_8b,granite41_8b,True,0.3333333333333333,0.8200000000000001,0.8200000000000001,0,Bsolo,0.9142857142857143,False,False,0.0
q_0223,3,0.7,granite41_8b,granite41_8b,False,,0.8200000000000001,0.8200000000000001,1,Bsolo,0.9142857142857143,False,False,1.0
q_0260,3,0.7,granite41_8b,granite41_8b,True,0.0,0.9142857142857143,0.9142857142857143,0,Bsolo,0.9142857142857143,False,False,0.0
q_0277,3,0.7,granite41_8b,granite41_8b,True,0.0,0.6538461538461539,0.6538461538461539,0,Bsolo,0.9142857142857143,False,False,0.0
q_0283,3,0.7,granite41_8b,granite41_8b,True,0.25,0.8200000000000001,0.8200000000000001,1,Bsolo,0.9142857142857143,False,False,1.0
q_0299,3,0.7,granite41_8b,granite41_8b,True,0.5,0.9142857142857143,0.9142857142857143,0,Bsolo,0.9142857142857143,False,False,0.0
q_0335,3,0.7,granite41_8b,granite41_8b,True,0.14285714285714285,1.0,1.0,0,Bsolo,0.9142857142857143,True,True,
q_0343,3,0.7,granite41_8b,granite41_8b,False,,1.0,1.0,0,Bsolo,0.9142857142857143,True,True,
q_0345,3,0.7,granite41_8b,granite41_8b,True,0.4,0.8200000000000001,0.8200000000000001,1,Bsolo,0.9142857142857143,False,False,1.0
q_0383,3,0.7,granite41_8b,granite41_8b,True,1.0,0.6538461538461539,0.6538461538461539,1,Bsolo,0.9142857142857143,False,False,1.0
q_0385,3,0.7,granite41_8b,granite41_8b,True,0.0,0.6538461538461539,0.6538461538461539,0,Bsolo,0.9142857142857143,False,False,0.0
q_0388,3,0.7,granite41_8b,granite41_8b,True,0.0,0.8200000000000001,0.8200000000000001,0,Bsolo,0.9142857142857143,False,False,0.0
q_0396,3,0.7,granite41_8b,granite41_8b,False,,0.8200000000000001,0.8200000000000001,0,Bsolo,0.9142857142857143,False,False,0.0
q_0399,3,0.7,granite41_8b,granite41_8b,True,0.0,0.8200000000000001,0.8200000000000001,0,Bsolo,0.9142857142857143,False,False,0.0
q_0424,3,0.7,granite41_8b,granite41_8b,True,1.0,0.9142857142857143,0.9142857142857143,0,Bsolo,0.9142857142857143,False,False,0.0
q_0435,3,0.7,granite41_8b,granite41_8b,True,0.0,0.8200000000000001,0.8200000000000001,1,Bsolo,0.9142857142857143,False,False,1.0
q_0438,3,0.7,granite41_8b,granite41_8b,True,0.75,0.6538461538461539,0.6538461538461539,0,Bsolo,0.9142857142857143,False,False,0.0
q_0455,3,0.7,granite41_8b,granite41_8b,True,1.0,0.9142857142857143,0.9142857142857143,0,Bsolo,0.9142857142857143,False,False,0.0
q_0467,3,0.7,granite41_8b,granite41_8b,False,,0.9142857142857143,0.9142857142857143,0,Bsolo,0.9142857142857143,False,False,0.0
q_0478,3,0.7,granite41_8b,granite41_8b,False,,0.9142857142857143,0.9142857142857143,0,Bsolo,0.9142857142857143,False,False,0.0
q_0516,3,0.7,granite41_8b,granite41_8b,True,1.0,0.8200000000000001,0.8200000000000001,0,Bsolo,0.9142857142857143,False,False,0.0
q_0522,3,0.7,granite41_8b,granite41_8b,True,1.0,0.6538461538461539,0.6538461538461539,1,Bsolo,0.9142857142857143,False,False,1.0
q_0546,3,0.7,granite41_8b,granite41_8b,False,,0.8200000000000001,0.8200000000000001,0,Bsolo,0.9142857142857143,False,False,0.0
q_0549,3,0.7,granite41_8b,granite41_8b,True,1.0,0.9142857142857143,0.9142857142857143,0,Bsolo,0.9142857142857143,False,False,0.0
q_0553,3,0.7,granite41_8b,granite41_8b,True,1.0,0.6538461538461539,0.6538461538461539,0,Bsolo,0.9142857142857143,False,False,0.0
q_0564,3,0.7,granite41_8b,granite41_8b,True,0.25,0.6538461538461539,0.6538461538461539,0,Bsolo,0.9142857142857143,False,False,0.0
q_0576,3,0.7,granite41_8b,granite41_8b,True,0.0,0.8200000000000001,0.8200000000000001,0,Bsolo,0.9142857142857143,False,False,0.0
q_0608,3,0.7,granite41_8b,granite41_8b,True,0.5,0.9142857142857143,0.9142857142857143,0,Bsolo,0.9142857142857143,False,False,0.0
q_0671,3,0.7,granite41_8b,granite41_8b,True,0.0,0.8200000000000001,0.8200000000000001,0,Bsolo,0.9142857142857143,False,False,0.0
q_0676,3,0.7,granite41_8b,granite41_8b,True,1.0,0.6538461538461539,0.6538461538461539,0,Bsolo,0.9142857142857143,False,False,0.0
q_0690,3,0.7,granite41_8b,granite41_8b,True,1.0,0.8200000000000001,0.8200000000000001,0,Bsolo,0.9142857142857143,False,False,0.0
q_0694,3,0.7,granite41_8b,granite41_8b,True,1.0,0.6538461538461539,0.6538461538461539,1,Bsolo,0.9142857142857143,False,False,1.0
q_0022,4,0.7,granite41_8b,granite41_8b,True,1.0,0.8235294117647058,0.8235294117647058,0,Bsolo,0.9310344827586207,False,False,0.0
q_0023,4,0.7,granite41_8b,granite41_8b,True,1.0,0.9310344827586207,0.9310344827586207,0,Bsolo,0.9310344827586207,False,False,0.0
q_0031,4,0.7,granite41_8b,granite41_8b,True,0.5,0.25,0.25,0,Bsolo,0.9310344827586207,False,False,0.0
q_0040,4,0.7,granite41_8b,granite41_8b,True,1.0,0.7419354838709677,0.7419354838709677,1,Bsolo,0.9310344827586207,False,False,1.0
q_0060,4,0.7,granite41_8b,granite41_8b,False,,0.9310344827586207,0.9310344827586207,0,Bsolo,0.9310344827586207,False,False,0.0
q_0069,4,0.7,granite41_8b,granite41_8b,True,0.6666666666666666,0.8235294117647058,0.8235294117647058,1,Bsolo,0.9310344827586207,False,False,1.0
q_0073,4,0.7,granite41_8b,granite41_8b,False,,0.8235294117647058,0.8235294117647058,0,Bsolo,0.9310344827586207,False,False,0.0
q_0105,4,0.7,granite41_8b,granite41_8b,True,1.0,0.9310344827586207,0.9310344827586207,0,Bsolo,0.9310344827586207,False,False,0.0
q_0118,4,0.7,granite41_8b,granite41_8b,True,1.0,0.7419354838709677,0.7419354838709677,0,Bsolo,0.9310344827586207,False,False,0.0
q_0139,4,0.7,granite41_8b,granite41_8b,True,1.0,0.7419354838709677,0.7419354838709677,0,Bsolo,0.9310344827586207,False,False,0.0
q_0146,4,0.7,granite41_8b,granite41_8b,False,,0.9310344827586207,0.9310344827586207,0,Bsolo,0.9310344827586207,False,False,0.0
q_0166,4,0.7,granite41_8b,granite41_8b,False,,0.9310344827586207,0.9310344827586207,0,Bsolo,0.9310344827586207,False,False,0.0
q_0192,4,0.7,granite41_8b,granite41_8b,True,1.0,0.7419354838709677,0.7419354838709677,0,Bsolo,0.9310344827586207,False,False,0.0
q_0222,4,0.7,granite41_8b,granite41_8b,True,0.0,0.9310344827586207,0.9310344827586207,0,Bsolo,0.9310344827586207,False,False,0.0
q_0224,4,0.7,granite41_8b,granite41_8b,True,1.0,0.7419354838709677,0.7419354838709677,0,Bsolo,0.9310344827586207,False,False,0.0
q_0284,4,0.7,granite41_8b,granite41_8b,True,1.0,0.25,0.25,1,Bsolo,0.9310344827586207,False,False,1.0
q_0285,4,0.7,granite41_8b,granite41_8b,True,0.2,0.7419354838709677,0.7419354838709677,1,Bsolo,0.9310344827586207,False,False,1.0
q_0364,4,0.7,granite41_8b,granite41_8b,True,0.4,0.25,0.25,0,Bsolo,0.9310344827586207,False,False,0.0
q_0369,4,0.7,granite41_8b,granite41_8b,True,1.0,0.7419354838709677,0.7419354838709677,0,Bsolo,0.9310344827586207,False,False,0.0
q_0374,4,0.7,granite41_8b,granite41_8b,False,,0.9310344827586207,0.9310344827586207,1,Bsolo,0.9310344827586207,False,False,1.0
q_0382,4,0.7,granite41_8b,granite41_8b,False,,0.9310344827586207,0.9310344827586207,0,Bsolo,0.9310344827586207,False,False,0.0
q_0395,4,0.7,granite41_8b,granite41_8b,True,0.0,0.7419354838709677,0.7419354838709677,1,Bsolo,0.9310344827586207,False,False,1.0
q_0433,4,0.7,granite41_8b,granite41_8b,True,0.0,1.0,1.0,0,Bsolo,0.9310344827586207,True,True,
q_0459,4,0.7,granite41_8b,granite41_8b,True,1.0,0.8235294117647058,0.8235294117647058,0,Bsolo,0.9310344827586207,False,False,0.0
q_0480,4,0.7,granite41_8b,granite41_8b,True,1.0,0.9310344827586207,0.9310344827586207,0,Bsolo,0.9310344827586207,False,False,0.0
q_0481,4,0.7,granite41_8b,granite41_8b,True,0.25,0.8235294117647058,0.8235294117647058,0,Bsolo,0.9310344827586207,False,False,0.0
q_0492,4,0.7,granite41_8b,granite41_8b,True,1.0,0.25,0.25,0,Bsolo,0.9310344827586207,False,False,0.0
q_0515,4,0.7,granite41_8b,granite41_8b,True,1.0,0.8235294117647058,0.8235294117647058,0,Bsolo,0.9310344827586207,False,False,0.0
q_0523,4,0.7,granite41_8b,granite41_8b,False,,0.9310344827586207,0.9310344827586207,0,Bsolo,0.9310344827586207,False,False,0.0
q_0524,4,0.7,granite41_8b,granite41_8b,True,1.0,0.8235294117647058,0.8235294117647058,0,Bsolo,0.9310344827586207,False,False,0.0
q_0527,4,0.7,granite41_8b,granite41_8b,True,1.0,0.8235294117647058,0.8235294117647058,0,Bsolo,0.9310344827586207,False,False,0.0
q_0530,4,0.7,granite41_8b,granite41_8b,True,1.0,0.7419354838709677,0.7419354838709677,1,Bsolo,0.9310344827586207,False,False,1.0
q_0538,4,0.7,granite41_8b,granite41_8b,True,1.0,0.9310344827586207,0.9310344827586207,0,Bsolo,0.9310344827586207,False,False,0.0
q_0563,4,0.7,granite41_8b,granite41_8b,True,1.0,0.9310344827586207,0.9310344827586207,0,Bsolo,0.9310344827586207,False,False,0.0
q_0574,4,0.7,granite41_8b,granite41_8b,True,1.0,0.8235294117647058,0.8235294117647058,0,Bsolo,0.9310344827586207,False,False,0.0
q_0583,4,0.7,granite41_8b,granite41_8b,True,1.0,0.8235294117647058,0.8235294117647058,1,Bsolo,0.9310344827586207,False,False,1.0
q_0630,4,0.7,granite41_8b,granite41_8b,True,0.5,0.8235294117647058,0.8235294117647058,0,Bsolo,0.9310344827586207,False,False,0.0
q_0644,4,0.7,granite41_8b,granite41_8b,True,0.5,0.8235294117647058,0.8235294117647058,0,Bsolo,0.9310344827586207,False,False,0.0
q_0647,4,0.7,granite41_8b,granite41_8b,True,0.0,0.8235294117647058,0.8235294117647058,1,Bsolo,0.9310344827586207,False,False,1.0
q_0711,4,0.7,granite41_8b,granite41_8b,True,1.0,0.25,0.25,0,Bsolo,0.9310344827586207,False,False,0.0
q_0004,0,0.9,granite41_8b,granite41_8b,True,1.0,0.6666666666666667,0.6666666666666667,0,Bsolo,1.0,False,False,0.0
q_0035,0,0.9,granite41_8b,granite41_8b,False,,0.6666666666666667,0.6666666666666667,0,Bsolo,1.0,False,False,0.0
q_0045,0,0.9,granite41_8b,granite41_8b,True,0.0,0.6666666666666667,0.6666666666666667,0,Bsolo,1.0,False,False,0.0
q_0048,0,0.9,granite41_8b,granite41_8b,True,0.0,0.95,0.95,0,Bsolo,1.0,False,False,0.0
q_0050,0,0.9,granite41_8b,granite41_8b,True,1.0,0.7843137254901961,0.7843137254901961,0,Bsolo,1.0,False,False,0.0
q_0062,0,0.9,granite41_8b,granite41_8b,True,0.5,0.6666666666666667,0.6666666666666667,0,Bsolo,1.0,False,False,0.0
q_0082,0,0.9,granite41_8b,granite41_8b,True,0.0,0.7843137254901961,0.7843137254901961,0,Bsolo,1.0,False,False,0.0
q_0101,0,0.9,granite41_8b,granite41_8b,True,1.0,0.7843137254901961,0.7843137254901961,1,Bsolo,1.0,False,False,1.0
q_0123,0,0.9,granite41_8b,granite41_8b,True,0.14285714285714285,0.7843137254901961,0.7843137254901961,0,Bsolo,1.0,False,False,0.0
q_0129,0,0.9,granite41_8b,granite41_8b,True,0.15384615384615385,0.7843137254901961,0.7843137254901961,0,Bsolo,1.0,False,False,0.0
q_0130,0,0.9,granite41_8b,granite41_8b,True,1.0,1.0,1.0,0,Bsolo,1.0,False,False,0.0
q_0202,0,0.9,granite41_8b,granite41_8b,True,0.0,0.7843137254901961,0.7843137254901961,0,Bsolo,1.0,False,False,0.0
q_0212,0,0.9,granite41_8b,granite41_8b,True,0.6666666666666666,0.7843137254901961,0.7843137254901961,0,Bsolo,1.0,False,False,0.0
q_0236,0,0.9,granite41_8b,granite41_8b,True,0.0,0.6666666666666667,0.6666666666666667,0,Bsolo,1.0,False,False,0.0
q_0241,0,0.9,granite41_8b,granite41_8b,True,0.0,1.0,1.0,1,Bsolo,1.0,False,False,1.0
q_0259,0,0.9,granite41_8b,granite41_8b,True,1.0,1.0,1.0,0,Bsolo,1.0,False,False,0.0
q_0266,0,0.9,granite41_8b,granite41_8b,True,1.0,0.6666666666666667,0.6666666666666667,1,Bsolo,1.0,False,False,1.0
q_0274,0,0.9,granite41_8b,granite41_8b,True,0.3333333333333333,0.7843137254901961,0.7843137254901961,0,Bsolo,1.0,False,False,0.0
q_0289,0,0.9,granite41_8b,granite41_8b,True,0.75,0.6666666666666667,0.6666666666666667,1,Bsolo,1.0,False,False,1.0
q_0306,0,0.9,granite41_8b,granite41_8b,True,0.2,1.0,1.0,1,Bsolo,1.0,False,False,1.0
q_0362,0,0.9,granite41_8b,granite41_8b,True,0.0,0.7843137254901961,0.7843137254901961,0,Bsolo,1.0,False,False,0.0
q_0368,0,0.9,granite41_8b,granite41_8b,True,1.0,0.6666666666666667,0.6666666666666667,0,Bsolo,1.0,False,False,0.0
q_0371,0,0.9,granite41_8b,granite41_8b,True,1.0,0.6666666666666667,0.6666666666666667,1,Bsolo,1.0,False,False,1.0
q_0372,0,0.9,granite41_8b,granite41_8b,False,,0.7843137254901961,0.7843137254901961,0,Bsolo,1.0,False,False,0.0
q_0378,0,0.9,granite41_8b,granite41_8b,True,0.0,0.95,0.95,0,Bsolo,1.0,False,False,0.0
q_0384,0,0.9,granite41_8b,granite41_8b,True,1.0,0.7843137254901961,0.7843137254901961,1,Bsolo,1.0,False,False,1.0
q_0417,0,0.9,granite41_8b,granite41_8b,True,0.0,0.6666666666666667,0.6666666666666667,1,Bsolo,1.0,False,False,1.0
q_0432,0,0.9,granite41_8b,granite41_8b,True,1.0,0.6666666666666667,0.6666666666666667,0,Bsolo,1.0,False,False,0.0
q_0462,0,0.9,granite41_8b,granite41_8b,False,,0.95,0.95,0,Bsolo,1.0,False,False,0.0
q_0466,0,0.9,granite41_8b,granite41_8b,False,,0.95,0.95,0,Bsolo,1.0,False,False,0.0
q_0471,0,0.9,granite41_8b,granite41_8b,True,0.0,0.7843137254901961,0.7843137254901961,0,Bsolo,1.0,False,False,0.0
q_0494,0,0.9,granite41_8b,granite41_8b,True,0.6,0.7843137254901961,0.7843137254901961,0,Bsolo,1.0,False,False,0.0
q_0531,0,0.9,granite41_8b,granite41_8b,True,0.3333333333333333,0.7843137254901961,0.7843137254901961,0,Bsolo,1.0,False,False,0.0
q_0567,0,0.9,granite41_8b,granite41_8b,False,,0.95,0.95,0,Bsolo,1.0,False,False,0.0
q_0577,0,0.9,granite41_8b,granite41_8b,True,1.0,0.7843137254901961,0.7843137254901961,0,Bsolo,1.0,False,False,0.0
q_0586,0,0.9,granite41_8b,granite41_8b,False,,0.6666666666666667,0.6666666666666667,0,Bsolo,1.0,False,False,0.0
q_0602,0,0.9,granite41_8b,granite41_8b,True,0.0,0.7843137254901961,0.7843137254901961,0,Bsolo,1.0,False,False,0.0
q_0704,0,0.9,granite41_8b,granite41_8b,True,0.5,0.95,0.95,0,Bsolo,1.0,False,False,0.0
q_0706,0,0.9,granite41_8b,granite41_8b,True,0.5,0.6666666666666667,0.6666666666666667,0,Bsolo,1.0,False,False,0.0
q_0712,0,0.9,granite41_8b,granite41_8b,True,0.0,0.95,0.95,0,Bsolo,1.0,False,False,0.0
q_0044,1,0.9,granite41_8b,granite41_8b,True,0.0,0.7959183673469388,0.7959183673469388,0,Bsolo,0.9117647058823529,False,False,0.0
q_0052,1,0.9,granite41_8b,granite41_8b,True,0.0,0.7959183673469388,0.7959183673469388,0,Bsolo,0.9117647058823529,False,False,0.0
q_0084,1,0.9,granite41_8b,granite41_8b,False,,0.9117647058823529,0.9117647058823529,0,Bsolo,0.9117647058823529,False,False,0.0
q_0097,1,0.9,granite41_8b,granite41_8b,True,0.25,0.6451612903225806,0.6451612903225806,1,Bsolo,0.9117647058823529,False,False,1.0
q_0099,1,0.9,granite41_8b,granite41_8b,True,1.0,0.9117647058823529,0.9117647058823529,0,Bsolo,0.9117647058823529,False,False,0.0
q_0156,1,0.9,granite41_8b,granite41_8b,True,1.0,1.0,1.0,0,Bsolo,0.9117647058823529,True,True,
q_0220,1,0.9,granite41_8b,granite41_8b,True,0.5,0.6451612903225806,0.6451612903225806,1,Bsolo,0.9117647058823529,False,False,1.0
q_0263,1,0.9,granite41_8b,granite41_8b,True,0.5,0.7959183673469388,0.7959183673469388,1,Bsolo,0.9117647058823529,False,False,1.0
q_0275,1,0.9,granite41_8b,granite41_8b,True,0.0,0.7959183673469388,0.7959183673469388,0,Bsolo,0.9117647058823529,False,False,0.0
q_0288,1,0.9,granite41_8b,granite41_8b,True,1.0,0.6451612903225806,0.6451612903225806,0,Bsolo,0.9117647058823529,False,False,0.0
q_0315,1,0.9,granite41_8b,granite41_8b,True,1.0,0.7959183673469388,0.7959183673469388,0,Bsolo,0.9117647058823529,False,False,0.0
q_0327,1,0.9,granite41_8b,granite41_8b,True,0.1111111111111111,0.7959183673469388,0.7959183673469388,0,Bsolo,0.9117647058823529,False,False,0.0
q_0375,1,0.9,granite41_8b,granite41_8b,True,0.0,0.7959183673469388,0.7959183673469388,0,Bsolo,0.9117647058823529,False,False,0.0
q_0392,1,0.9,granite41_8b,granite41_8b,True,0.5,0.6451612903225806,0.6451612903225806,0,Bsolo,0.9117647058823529,False,False,0.0
q_0397,1,0.9,granite41_8b,granite41_8b,True,0.0,0.7959183673469388,0.7959183673469388,0,Bsolo,0.9117647058823529,False,False,0.0
q_0400,1,0.9,granite41_8b,granite41_8b,True,0.3333333333333333,0.7959183673469388,0.7959183673469388,0,Bsolo,0.9117647058823529,False,False,0.0
q_0403,1,0.9,granite41_8b,granite41_8b,True,1.0,0.6451612903225806,0.6451612903225806,1,Bsolo,0.9117647058823529,False,False,1.0
q_0404,1,0.9,granite41_8b,granite41_8b,True,1.0,0.6451612903225806,0.6451612903225806,1,Bsolo,0.9117647058823529,False,False,1.0
q_0409,1,0.9,granite41_8b,granite41_8b,True,0.3333333333333333,0.6451612903225806,0.6451612903225806,0,Bsolo,0.9117647058823529,False,False,0.0
q_0426,1,0.9,granite41_8b,granite41_8b,True,1.0,0.7959183673469388,0.7959183673469388,1,Bsolo,0.9117647058823529,False,False,1.0
q_0429,1,0.9,granite41_8b,granite41_8b,False,,0.7959183673469388,0.7959183673469388,0,Bsolo,0.9117647058823529,False,False,0.0
q_0486,1,0.9,granite41_8b,granite41_8b,True,1.0,0.7959183673469388,0.7959183673469388,0,Bsolo,0.9117647058823529,False,False,0.0
q_0510,1,0.9,granite41_8b,granite41_8b,False,,0.9117647058823529,0.9117647058823529,0,Bsolo,0.9117647058823529,False,False,0.0
q_0517,1,0.9,granite41_8b,granite41_8b,True,1.0,0.6451612903225806,0.6451612903225806,0,Bsolo,0.9117647058823529,False,False,0.0
q_0519,1,0.9,granite41_8b,granite41_8b,True,0.6666666666666666,0.9117647058823529,0.9117647058823529,0,Bsolo,0.9117647058823529,False,False,0.0
q_0540,1,0.9,granite41_8b,granite41_8b,True,0.6666666666666666,0.7959183673469388,0.7959183673469388,0,Bsolo,0.9117647058823529,False,False,0.0
q_0542,1,0.9,granite41_8b,granite41_8b,False,,0.9117647058823529,0.9117647058823529,0,Bsolo,0.9117647058823529,False,False,0.0
q_0550,1,0.9,granite41_8b,granite41_8b,True,1.0,0.9117647058823529,0.9117647058823529,0,Bsolo,0.9117647058823529,False,False,0.0
q_0578,1,0.9,granite41_8b,granite41_8b,True,0.0,0.9117647058823529,0.9117647058823529,0,Bsolo,0.9117647058823529,False,False,0.0
q_0588,1,0.9,granite41_8b,granite41_8b,True,1.0,0.7959183673469388,0.7959183673469388,0,Bsolo,0.9117647058823529,False,False,0.0
q_0595,1,0.9,granite41_8b,granite41_8b,True,1.0,0.9117647058823529,0.9117647058823529,0,Bsolo,0.9117647058823529,False,False,0.0
q_0600,1,0.9,granite41_8b,granite41_8b,True,0.25,0.7959183673469388,0.7959183673469388,0,Bsolo,0.9117647058823529,False,False,0.0
q_0604,1,0.9,granite41_8b,granite41_8b,True,0.0,0.7959183673469388,0.7959183673469388,0,Bsolo,0.9117647058823529,False,False,0.0
q_0612,1,0.9,granite41_8b,granite41_8b,True,0.0,0.6451612903225806,0.6451612903225806,0,Bsolo,0.9117647058823529,False,False,0.0
q_0625,1,0.9,granite41_8b,granite41_8b,True,1.0,0.7959183673469388,0.7959183673469388,1,Bsolo,0.9117647058823529,False,False,1.0
q_0640,1,0.9,granite41_8b,granite41_8b,False,,0.9117647058823529,0.9117647058823529,0,Bsolo,0.9117647058823529,False,False,0.0
q_0654,1,0.9,granite41_8b,granite41_8b,False,,0.9117647058823529,0.9117647058823529,0,Bsolo,0.9117647058823529,False,False,0.0
q_0693,1,0.9,granite41_8b,granite41_8b,True,1.0,0.6451612903225806,0.6451612903225806,0,Bsolo,0.9117647058823529,False,False,0.0
q_0708,1,0.9,granite41_8b,granite41_8b,True,0.25,0.7959183673469388,0.7959183673469388,0,Bsolo,0.9117647058823529,False,False,0.0
q_0710,1,0.9,granite41_8b,granite41_8b,True,1.0,0.6451612903225806,0.6451612903225806,0,Bsolo,0.9117647058823529,False,False,0.0
q_0039,2,0.9,granite41_8b,granite41_8b,True,1.0,0.8235294117647058,0.8235294117647058,0,Bsolo,0.9310344827586207,False,False,0.0
q_0061,2,0.9,granite41_8b,granite41_8b,True,0.0,1.0,1.0,0,Bsolo,0.9310344827586207,True,True,
q_0080,2,0.9,granite41_8b,granite41_8b,False,,0.9310344827586207,0.9310344827586207,0,Bsolo,0.9310344827586207,False,False,0.0
q_0106,2,0.9,granite41_8b,granite41_8b,True,0.5,0.8235294117647058,0.8235294117647058,0,Bsolo,0.9310344827586207,False,False,0.0
q_0111,2,0.9,granite41_8b,granite41_8b,True,1.0,0.9310344827586207,0.9310344827586207,0,Bsolo,0.9310344827586207,False,False,0.0
q_0152,2,0.9,granite41_8b,granite41_8b,True,0.3333333333333333,0.8235294117647058,0.8235294117647058,0,Bsolo,0.9310344827586207,False,False,0.0
q_0162,2,0.9,granite41_8b,granite41_8b,True,0.75,0.8235294117647058,0.8235294117647058,0,Bsolo,0.9310344827586207,False,False,0.0
q_0169,2,0.9,granite41_8b,granite41_8b,False,,0.9310344827586207,0.9310344827586207,0,Bsolo,0.9310344827586207,False,False,0.0
q_0182,2,0.9,granite41_8b,granite41_8b,True,0.6666666666666666,0.8235294117647058,0.8235294117647058,1,Bsolo,0.9310344827586207,False,False,1.0
q_0194,2,0.9,granite41_8b,granite41_8b,True,0.5,0.8235294117647058,0.8235294117647058,0,Bsolo,0.9310344827586207,False,False,0.0
q_0207,2,0.9,granite41_8b,granite41_8b,True,0.2,0.9310344827586207,0.9310344827586207,0,Bsolo,0.9310344827586207,False,False,0.0
q_0215,2,0.9,granite41_8b,granite41_8b,True,0.6666666666666666,0.7419354838709677,0.7419354838709677,0,Bsolo,0.9310344827586207,False,False,0.0
q_0216,2,0.9,granite41_8b,granite41_8b,True,0.0,0.8235294117647058,0.8235294117647058,0,Bsolo,0.9310344827586207,False,False,0.0
q_0231,2,0.9,granite41_8b,granite41_8b,True,0.5,0.8235294117647058,0.8235294117647058,1,Bsolo,0.9310344827586207,False,False,1.0
q_0237,2,0.9,granite41_8b,granite41_8b,True,0.0,0.8235294117647058,0.8235294117647058,1,Bsolo,0.9310344827586207,False,False,1.0
q_0246,2,0.9,granite41_8b,granite41_8b,True,0.4,0.9310344827586207,0.9310344827586207,0,Bsolo,0.9310344827586207,False,False,0.0
q_0257,2,0.9,granite41_8b,granite41_8b,True,1.0,1.0,1.0,0,Bsolo,0.9310344827586207,True,True,
q_0268,2,0.9,granite41_8b,granite41_8b,True,0.0,0.9310344827586207,0.9310344827586207,0,Bsolo,0.9310344827586207,False,False,0.0
q_0296,2,0.9,granite41_8b,granite41_8b,True,0.0,0.8235294117647058,0.8235294117647058,0,Bsolo,0.9310344827586207,False,False,0.0
q_0323,2,0.9,granite41_8b,granite41_8b,True,1.0,0.8235294117647058,0.8235294117647058,0,Bsolo,0.9310344827586207,False,False,0.0
q_0347,2,0.9,granite41_8b,granite41_8b,False,,0.9310344827586207,0.9310344827586207,1,Bsolo,0.9310344827586207,False,False,1.0
q_0352,2,0.9,granite41_8b,granite41_8b,True,0.0,0.7419354838709677,0.7419354838709677,1,Bsolo,0.9310344827586207,False,False,1.0
q_0356,2,0.9,granite41_8b,granite41_8b,True,0.0,0.9310344827586207,0.9310344827586207,0,Bsolo,0.9310344827586207,False,False,0.0
q_0423,2,0.9,granite41_8b,granite41_8b,True,0.0,0.25,0.25,0,Bsolo,0.9310344827586207,False,False,0.0
q_0434,2,0.9,granite41_8b,granite41_8b,True,0.0,0.8235294117647058,0.8235294117647058,0,Bsolo,0.9310344827586207,False,False,0.0
q_0443,2,0.9,granite41_8b,granite41_8b,True,0.75,0.7419354838709677,0.7419354838709677,1,Bsolo,0.9310344827586207,False,False,1.0
q_0451,2,0.9,granite41_8b,granite41_8b,True,1.0,0.9310344827586207,0.9310344827586207,0,Bsolo,0.9310344827586207,False,False,0.0
q_0463,2,0.9,granite41_8b,granite41_8b,False,,0.9310344827586207,0.9310344827586207,0,Bsolo,0.9310344827586207,False,False,0.0
q_0475,2,0.9,granite41_8b,granite41_8b,False,,0.9310344827586207,0.9310344827586207,0,Bsolo,0.9310344827586207,False,False,0.0
q_0507,2,0.9,granite41_8b,granite41_8b,True,1.0,0.8235294117647058,0.8235294117647058,0,Bsolo,0.9310344827586207,False,False,0.0
q_0514,2,0.9,granite41_8b,granite41_8b,True,0.6666666666666666,0.8235294117647058,0.8235294117647058,0,Bsolo,0.9310344827586207,False,False,0.0
q_0525,2,0.9,granite41_8b,granite41_8b,True,1.0,0.7419354838709677,0.7419354838709677,0,Bsolo,0.9310344827586207,False,False,0.0
q_0559,2,0.9,granite41_8b,granite41_8b,True,0.375,0.7419354838709677,0.7419354838709677,1,Bsolo,0.9310344827586207,False,False,1.0
q_0580,2,0.9,granite41_8b,granite41_8b,True,0.0,0.9310344827586207,0.9310344827586207,0,Bsolo,0.9310344827586207,False,False,0.0
q_0587,2,0.9,granite41_8b,granite41_8b,True,0.5,0.8235294117647058,0.8235294117647058,0,Bsolo,0.9310344827586207,False,False,0.0
q_0622,2,0.9,granite41_8b,granite41_8b,False,,0.9310344827586207,0.9310344827586207,0,Bsolo,0.9310344827586207,False,False,0.0
q_0624,2,0.9,granite41_8b,granite41_8b,True,0.6666666666666666,0.7419354838709677,0.7419354838709677,1,Bsolo,0.9310344827586207,False,False,1.0
q_0686,2,0.9,granite41_8b,granite41_8b,True,1.0,0.8235294117647058,0.8235294117647058,1,Bsolo,0.9310344827586207,False,False,1.0
q_0692,2,0.9,granite41_8b,granite41_8b,True,1.0,0.9310344827586207,0.9310344827586207,0,Bsolo,0.9310344827586207,False,False,0.0
q_0700,2,0.9,granite41_8b,granite41_8b,True,1.0,0.9310344827586207,0.9310344827586207,0,Bsolo,0.9310344827586207,False,False,0.0
q_0018,3,0.9,granite41_8b,granite41_8b,True,0.0,0.6538461538461539,0.6538461538461539,0,Bsolo,0.9142857142857143,False,False,0.0
q_0079,3,0.9,granite41_8b,granite41_8b,True,0.3333333333333333,0.7646153846153846,0.7646153846153846,0,Bsolo,0.9142857142857143,False,False,0.0
q_0083,3,0.9,granite41_8b,granite41_8b,False,,0.9142857142857143,0.9142857142857143,0,Bsolo,0.9142857142857143,False,False,0.0
q_0098,3,0.9,granite41_8b,granite41_8b,True,1.0,0.8200000000000001,0.8200000000000001,0,Bsolo,0.9142857142857143,False,False,0.0
q_0117,3,0.9,granite41_8b,granite41_8b,True,0.5,0.6538461538461539,0.6538461538461539,0,Bsolo,0.9142857142857143,False,False,0.0
q_0149,3,0.9,granite41_8b,granite41_8b,True,0.09090909090909091,1.0,1.0,0,Bsolo,0.9142857142857143,True,True,
q_0180,3,0.9,granite41_8b,granite41_8b,True,0.25,0.8200000000000001,0.8200000000000001,0,Bsolo,0.9142857142857143,False,False,0.0
q_0189,3,0.9,granite41_8b,granite41_8b,True,0.0,0.8200000000000001,0.8200000000000001,0,Bsolo,0.9142857142857143,False,False,0.0
q_0198,3,0.9,granite41_8b,granite41_8b,True,0.3333333333333333,0.8200000000000001,0.8200000000000001,0,Bsolo,0.9142857142857143,False,False,0.0
q_0223,3,0.9,granite41_8b,granite41_8b,False,,0.8200000000000001,0.8200000000000001,1,Bsolo,0.9142857142857143,False,False,1.0
q_0260,3,0.9,granite41_8b,granite41_8b,True,0.0,0.9142857142857143,0.9142857142857143,0,Bsolo,0.9142857142857143,False,False,0.0
q_0277,3,0.9,granite41_8b,granite41_8b,True,0.0,0.6538461538461539,0.6538461538461539,0,Bsolo,0.9142857142857143,False,False,0.0
q_0283,3,0.9,granite41_8b,granite41_8b,True,0.25,0.8200000000000001,0.8200000000000001,1,Bsolo,0.9142857142857143,False,False,1.0
q_0299,3,0.9,granite41_8b,granite41_8b,True,0.5,0.9142857142857143,0.9142857142857143,0,Bsolo,0.9142857142857143,False,False,0.0
q_0335,3,0.9,granite41_8b,granite41_8b,True,0.14285714285714285,1.0,1.0,0,Bsolo,0.9142857142857143,True,True,
q_0343,3,0.9,granite41_8b,granite41_8b,False,,1.0,1.0,0,Bsolo,0.9142857142857143,True,True,
q_0345,3,0.9,granite41_8b,granite41_8b,True,0.4,0.8200000000000001,0.8200000000000001,1,Bsolo,0.9142857142857143,False,False,1.0
q_0383,3,0.9,granite41_8b,granite41_8b,True,1.0,0.6538461538461539,0.6538461538461539,1,Bsolo,0.9142857142857143,False,False,1.0
q_0385,3,0.9,granite41_8b,granite41_8b,True,0.0,0.6538461538461539,0.6538461538461539,0,Bsolo,0.9142857142857143,False,False,0.0
q_0388,3,0.9,granite41_8b,granite41_8b,True,0.0,0.8200000000000001,0.8200000000000001,0,Bsolo,0.9142857142857143,False,False,0.0
q_0396,3,0.9,granite41_8b,granite41_8b,False,,0.8200000000000001,0.8200000000000001,0,Bsolo,0.9142857142857143,False,False,0.0
q_0399,3,0.9,granite41_8b,granite41_8b,True,0.0,0.8200000000000001,0.8200000000000001,0,Bsolo,0.9142857142857143,False,False,0.0
q_0424,3,0.9,granite41_8b,granite41_8b,True,1.0,0.9142857142857143,0.9142857142857143,0,Bsolo,0.9142857142857143,False,False,0.0
q_0435,3,0.9,granite41_8b,granite41_8b,True,0.0,0.8200000000000001,0.8200000000000001,1,Bsolo,0.9142857142857143,False,False,1.0
q_0438,3,0.9,granite41_8b,granite41_8b,True,0.75,0.6538461538461539,0.6538461538461539,0,Bsolo,0.9142857142857143,False,False,0.0
q_0455,3,0.9,granite41_8b,granite41_8b,True,1.0,0.9142857142857143,0.9142857142857143,0,Bsolo,0.9142857142857143,False,False,0.0
q_0467,3,0.9,granite41_8b,granite41_8b,False,,0.9142857142857143,0.9142857142857143,0,Bsolo,0.9142857142857143,False,False,0.0
q_0478,3,0.9,granite41_8b,granite41_8b,False,,0.9142857142857143,0.9142857142857143,0,Bsolo,0.9142857142857143,False,False,0.0
q_0516,3,0.9,granite41_8b,granite41_8b,True,1.0,0.8200000000000001,0.8200000000000001,0,Bsolo,0.9142857142857143,False,False,0.0
q_0522,3,0.9,granite41_8b,granite41_8b,True,1.0,0.6538461538461539,0.6538461538461539,1,Bsolo,0.9142857142857143,False,False,1.0
q_0546,3,0.9,granite41_8b,granite41_8b,False,,0.8200000000000001,0.8200000000000001,0,Bsolo,0.9142857142857143,False,False,0.0
q_0549,3,0.9,granite41_8b,granite41_8b,True,1.0,0.9142857142857143,0.9142857142857143,0,Bsolo,0.9142857142857143,False,False,0.0
q_0553,3,0.9,granite41_8b,granite41_8b,True,1.0,0.6538461538461539,0.6538461538461539,0,Bsolo,0.9142857142857143,False,False,0.0
q_0564,3,0.9,granite41_8b,granite41_8b,True,0.25,0.6538461538461539,0.6538461538461539,0,Bsolo,0.9142857142857143,False,False,0.0
q_0576,3,0.9,granite41_8b,granite41_8b,True,0.0,0.8200000000000001,0.8200000000000001,0,Bsolo,0.9142857142857143,False,False,0.0
q_0608,3,0.9,granite41_8b,granite41_8b,True,0.5,0.9142857142857143,0.9142857142857143,0,Bsolo,0.9142857142857143,False,False,0.0
q_0671,3,0.9,granite41_8b,granite41_8b,True,0.0,0.8200000000000001,0.8200000000000001,0,Bsolo,0.9142857142857143,False,False,0.0
q_0676,3,0.9,granite41_8b,granite41_8b,True,1.0,0.6538461538461539,0.6538461538461539,0,Bsolo,0.9142857142857143,False,False,0.0
q_0690,3,0.9,granite41_8b,granite41_8b,True,1.0,0.8200000000000001,0.8200000000000001,0,Bsolo,0.9142857142857143,False,False,0.0
q_0694,3,0.9,granite41_8b,granite41_8b,True,1.0,0.6538461538461539,0.6538461538461539,1,Bsolo,0.9142857142857143,False,False,1.0
q_0022,4,0.9,granite41_8b,granite41_8b,True,1.0,0.8235294117647058,0.8235294117647058,0,Bsolo,0.9310344827586207,False,False,0.0
q_0023,4,0.9,granite41_8b,granite41_8b,True,1.0,0.9310344827586207,0.9310344827586207,0,Bsolo,0.9310344827586207,False,False,0.0
q_0031,4,0.9,granite41_8b,granite41_8b,True,0.5,0.25,0.25,0,Bsolo,0.9310344827586207,False,False,0.0
q_0040,4,0.9,granite41_8b,granite41_8b,True,1.0,0.7419354838709677,0.7419354838709677,1,Bsolo,0.9310344827586207,False,False,1.0
q_0060,4,0.9,granite41_8b,granite41_8b,False,,0.9310344827586207,0.9310344827586207,0,Bsolo,0.9310344827586207,False,False,0.0
q_0069,4,0.9,granite41_8b,granite41_8b,True,0.6666666666666666,0.8235294117647058,0.8235294117647058,1,Bsolo,0.9310344827586207,False,False,1.0
q_0073,4,0.9,granite41_8b,granite41_8b,False,,0.8235294117647058,0.8235294117647058,0,Bsolo,0.9310344827586207,False,False,0.0
q_0105,4,0.9,granite41_8b,granite41_8b,True,1.0,0.9310344827586207,0.9310344827586207,0,Bsolo,0.9310344827586207,False,False,0.0
q_0118,4,0.9,granite41_8b,granite41_8b,True,1.0,0.7419354838709677,0.7419354838709677,0,Bsolo,0.9310344827586207,False,False,0.0
q_0139,4,0.9,granite41_8b,granite41_8b,True,1.0,0.7419354838709677,0.7419354838709677,0,Bsolo,0.9310344827586207,False,False,0.0
q_0146,4,0.9,granite41_8b,granite41_8b,False,,0.9310344827586207,0.9310344827586207,0,Bsolo,0.9310344827586207,False,False,0.0
q_0166,4,0.9,granite41_8b,granite41_8b,False,,0.9310344827586207,0.9310344827586207,0,Bsolo,0.9310344827586207,False,False,0.0
q_0192,4,0.9,granite41_8b,granite41_8b,True,1.0,0.7419354838709677,0.7419354838709677,0,Bsolo,0.9310344827586207,False,False,0.0
q_0222,4,0.9,granite41_8b,granite41_8b,True,0.0,0.9310344827586207,0.9310344827586207,0,Bsolo,0.9310344827586207,False,False,0.0
q_0224,4,0.9,granite41_8b,granite41_8b,True,1.0,0.7419354838709677,0.7419354838709677,0,Bsolo,0.9310344827586207,False,False,0.0
q_0284,4,0.9,granite41_8b,granite41_8b,True,1.0,0.25,0.25,1,Bsolo,0.9310344827586207,False,False,1.0
q_0285,4,0.9,granite41_8b,granite41_8b,True,0.2,0.7419354838709677,0.7419354838709677,1,Bsolo,0.9310344827586207,False,False,1.0
q_0364,4,0.9,granite41_8b,granite41_8b,True,0.4,0.25,0.25,0,Bsolo,0.9310344827586207,False,False,0.0
q_0369,4,0.9,granite41_8b,granite41_8b,True,1.0,0.7419354838709677,0.7419354838709677,0,Bsolo,0.9310344827586207,False,False,0.0
q_0374,4,0.9,granite41_8b,granite41_8b,False,,0.9310344827586207,0.9310344827586207,1,Bsolo,0.9310344827586207,False,False,1.0
q_0382,4,0.9,granite41_8b,granite41_8b,False,,0.9310344827586207,0.9310344827586207,0,Bsolo,0.9310344827586207,False,False,0.0
q_0395,4,0.9,granite41_8b,granite41_8b,True,0.0,0.7419354838709677,0.7419354838709677,1,Bsolo,0.9310344827586207,False,False,1.0
q_0433,4,0.9,granite41_8b,granite41_8b,True,0.0,1.0,1.0,0,Bsolo,0.9310344827586207,True,True,
q_0459,4,0.9,granite41_8b,granite41_8b,True,1.0,0.8235294117647058,0.8235294117647058,0,Bsolo,0.9310344827586207,False,False,0.0
q_0480,4,0.9,granite41_8b,granite41_8b,True,1.0,0.9310344827586207,0.9310344827586207,0,Bsolo,0.9310344827586207,False,False,0.0
q_0481,4,0.9,granite41_8b,granite41_8b,True,0.25,0.8235294117647058,0.8235294117647058,0,Bsolo,0.9310344827586207,False,False,0.0
q_0492,4,0.9,granite41_8b,granite41_8b,True,1.0,0.25,0.25,0,Bsolo,0.9310344827586207,False,False,0.0
q_0515,4,0.9,granite41_8b,granite41_8b,True,1.0,0.8235294117647058,0.8235294117647058,0,Bsolo,0.9310344827586207,False,False,0.0
q_0523,4,0.9,granite41_8b,granite41_8b,False,,0.9310344827586207,0.9310344827586207,0,Bsolo,0.9310344827586207,False,False,0.0
q_0524,4,0.9,granite41_8b,granite41_8b,True,1.0,0.8235294117647058,0.8235294117647058,0,Bsolo,0.9310344827586207,False,False,0.0
q_0527,4,0.9,granite41_8b,granite41_8b,True,1.0,0.8235294117647058,0.8235294117647058,0,Bsolo,0.9310344827586207,False,False,0.0
q_0530,4,0.9,granite41_8b,granite41_8b,True,1.0,0.7419354838709677,0.7419354838709677,1,Bsolo,0.9310344827586207,False,False,1.0
q_0538,4,0.9,granite41_8b,granite41_8b,True,1.0,0.9310344827586207,0.9310344827586207,0,Bsolo,0.9310344827586207,False,False,0.0
q_0563,4,0.9,granite41_8b,granite41_8b,True,1.0,0.9310344827586207,0.9310344827586207,0,Bsolo,0.9310344827586207,False,False,0.0
q_0574,4,0.9,granite41_8b,granite41_8b,True,1.0,0.8235294117647058,0.8235294117647058,0,Bsolo,0.9310344827586207,False,False,0.0
q_0583,4,0.9,granite41_8b,granite41_8b,True,1.0,0.8235294117647058,0.8235294117647058,1,Bsolo,0.9310344827586207,False,False,1.0
q_0630,4,0.9,granite41_8b,granite41_8b,True,0.5,0.8235294117647058,0.8235294117647058,0,Bsolo,0.9310344827586207,False,False,0.0
q_0644,4,0.9,granite41_8b,granite41_8b,True,0.5,0.8235294117647058,0.8235294117647058,0,Bsolo,0.9310344827586207,False,False,0.0
q_0647,4,0.9,granite41_8b,granite41_8b,True,0.0,0.8235294117647058,0.8235294117647058,1,Bsolo,0.9310344827586207,False,False,1.0
q_0711,4,0.9,granite41_8b,granite41_8b,True,1.0,0.25,0.25,0,Bsolo,0.9310344827586207,False,False,0.0
q_0004,0,0.7,qwen35_9b,qwen35_9b,True,1.0,0.8235294117647058,0.8235294117647058,1,Bsolo,0.8235294117647058,False,False,1.0
q_0035,0,0.7,qwen35_9b,qwen35_9b,False,,0.8235294117647058,0.8235294117647058,0,Bsolo,0.8235294117647058,False,False,0.0
q_0045,0,0.7,qwen35_9b,qwen35_9b,True,0.0,0.8235294117647058,0.8235294117647058,0,Bsolo,0.8235294117647058,False,False,0.0
q_0048,0,0.7,qwen35_9b,qwen35_9b,True,0.0,0.8235294117647058,0.8235294117647058,0,Bsolo,0.8235294117647058,False,False,0.0
q_0050,0,0.7,qwen35_9b,qwen35_9b,True,1.0,0.8235294117647058,0.8235294117647058,0,Bsolo,0.8235294117647058,False,False,0.0
q_0062,0,0.7,qwen35_9b,qwen35_9b,True,0.5,0.4722222222222222,0.4722222222222222,0,Bsolo,0.8235294117647058,False,False,0.0
q_0082,0,0.7,qwen35_9b,qwen35_9b,True,0.0,0.8235294117647058,0.8235294117647058,0,Bsolo,0.8235294117647058,False,False,0.0
q_0101,0,0.7,qwen35_9b,qwen35_9b,True,1.0,0.8235294117647058,0.8235294117647058,0,Bsolo,0.8235294117647058,False,False,0.0
q_0123,0,0.7,qwen35_9b,qwen35_9b,True,0.14285714285714285,0.4722222222222222,0.4722222222222222,0,Bsolo,0.8235294117647058,False,False,0.0
q_0129,0,0.7,qwen35_9b,qwen35_9b,True,0.15384615384615385,0.8235294117647058,0.8235294117647058,0,Bsolo,0.8235294117647058,False,False,0.0
q_0130,0,0.7,qwen35_9b,qwen35_9b,True,1.0,0.4722222222222222,0.4722222222222222,1,Bsolo,0.8235294117647058,False,False,1.0
q_0202,0,0.7,qwen35_9b,qwen35_9b,True,0.0,1.0,1.0,0,Bsolo,0.8235294117647058,True,True,
q_0212,0,0.7,qwen35_9b,qwen35_9b,True,0.6666666666666666,0.8235294117647058,0.8235294117647058,0,Bsolo,0.8235294117647058,False,False,0.0
q_0236,0,0.7,qwen35_9b,qwen35_9b,True,0.0,0.4722222222222222,0.4722222222222222,0,Bsolo,0.8235294117647058,False,False,0.0
q_0241,0,0.7,qwen35_9b,qwen35_9b,True,0.0,1.0,1.0,1,Bsolo,0.8235294117647058,True,True,
q_0259,0,0.7,qwen35_9b,qwen35_9b,True,1.0,1.0,1.0,0,Bsolo,0.8235294117647058,True,True,
q_0266,0,0.7,qwen35_9b,qwen35_9b,True,1.0,0.4722222222222222,0.4722222222222222,1,Bsolo,0.8235294117647058,False,False,1.0
q_0274,0,0.7,qwen35_9b,qwen35_9b,True,0.3333333333333333,0.8235294117647058,0.8235294117647058,0,Bsolo,0.8235294117647058,False,False,0.0
q_0289,0,0.7,qwen35_9b,qwen35_9b,True,0.75,0.4722222222222222,0.4722222222222222,0,Bsolo,0.8235294117647058,False,False,0.0
q_0306,0,0.7,qwen35_9b,qwen35_9b,True,0.2,1.0,1.0,0,Bsolo,0.8235294117647058,True,True,
q_0362,0,0.7,qwen35_9b,qwen35_9b,True,0.0,0.8235294117647058,0.8235294117647058,0,Bsolo,0.8235294117647058,False,False,0.0
q_0368,0,0.7,qwen35_9b,qwen35_9b,True,1.0,0.4722222222222222,0.4722222222222222,1,Bsolo,0.8235294117647058,False,False,1.0
q_0371,0,0.7,qwen35_9b,qwen35_9b,True,1.0,0.4722222222222222,0.4722222222222222,1,Bsolo,0.8235294117647058,False,False,1.0
q_0372,0,0.7,qwen35_9b,qwen35_9b,False,,1.0,1.0,0,Bsolo,0.8235294117647058,True,True,
q_0378,0,0.7,qwen35_9b,qwen35_9b,True,0.0,0.8235294117647058,0.8235294117647058,0,Bsolo,0.8235294117647058,False,False,0.0
q_0384,0,0.7,qwen35_9b,qwen35_9b,True,1.0,0.4722222222222222,0.4722222222222222,1,Bsolo,0.8235294117647058,False,False,1.0
q_0417,0,0.7,qwen35_9b,qwen35_9b,True,0.0,0.4722222222222222,0.4722222222222222,0,Bsolo,0.8235294117647058,False,False,0.0
q_0432,0,0.7,qwen35_9b,qwen35_9b,True,1.0,1.0,1.0,0,Bsolo,0.8235294117647058,True,True,
q_0462,0,0.7,qwen35_9b,qwen35_9b,False,,1.0,1.0,0,Bsolo,0.8235294117647058,True,True,
q_0466,0,0.7,qwen35_9b,qwen35_9b,False,,1.0,1.0,0,Bsolo,0.8235294117647058,True,True,
q_0471,0,0.7,qwen35_9b,qwen35_9b,True,0.0,0.8235294117647058,0.8235294117647058,0,Bsolo,0.8235294117647058,False,False,0.0
q_0494,0,0.7,qwen35_9b,qwen35_9b,True,0.6,0.8235294117647058,0.8235294117647058,0,Bsolo,0.8235294117647058,False,False,0.0
q_0531,0,0.7,qwen35_9b,qwen35_9b,True,0.3333333333333333,0.8235294117647058,0.8235294117647058,0,Bsolo,0.8235294117647058,False,False,0.0
q_0567,0,0.7,qwen35_9b,qwen35_9b,False,,1.0,1.0,0,Bsolo,0.8235294117647058,True,True,
q_0577,0,0.7,qwen35_9b,qwen35_9b,True,1.0,0.8235294117647058,0.8235294117647058,0,Bsolo,0.8235294117647058,False,False,0.0
q_0586,0,0.7,qwen35_9b,qwen35_9b,False,,1.0,1.0,0,Bsolo,0.8235294117647058,True,True,
q_0602,0,0.7,qwen35_9b,qwen35_9b,True,0.0,0.8235294117647058,0.8235294117647058,0,Bsolo,0.8235294117647058,False,False,0.0
q_0704,0,0.7,qwen35_9b,qwen35_9b,True,0.5,0.8235294117647058,0.8235294117647058,0,Bsolo,0.8235294117647058,False,False,0.0
q_0706,0,0.7,qwen35_9b,qwen35_9b,True,0.5,0.8235294117647058,0.8235294117647058,0,Bsolo,0.8235294117647058,False,False,0.0
q_0712,0,0.7,qwen35_9b,qwen35_9b,True,0.0,1.0,1.0,0,Bsolo,0.8235294117647058,True,True,
q_0044,1,0.7,qwen35_9b,qwen35_9b,True,0.0,0.5172413793103448,0.5172413793103448,0,Bsolo,0.8421052631578947,False,False,0.0
q_0052,1,0.7,qwen35_9b,qwen35_9b,True,0.0,0.9090909090909091,0.9090909090909091,0,Bsolo,0.8421052631578947,True,True,
q_0084,1,0.7,qwen35_9b,qwen35_9b,False,,0.5172413793103448,0.5172413793103448,0,Bsolo,0.8421052631578947,False,False,0.0
q_0097,1,0.7,qwen35_9b,qwen35_9b,True,0.25,0.5172413793103448,0.5172413793103448,0,Bsolo,0.8421052631578947,False,False,0.0
q_0099,1,0.7,qwen35_9b,qwen35_9b,True,1.0,1.0,1.0,0,Bsolo,0.8421052631578947,True,True,
q_0156,1,0.7,qwen35_9b,qwen35_9b,True,1.0,1.0,1.0,0,Bsolo,0.8421052631578947,True,True,
q_0220,1,0.7,qwen35_9b,qwen35_9b,True,0.5,0.5172413793103448,0.5172413793103448,1,Bsolo,0.8421052631578947,False,False,1.0
q_0263,1,0.7,qwen35_9b,qwen35_9b,True,0.5,0.8421052631578947,0.8421052631578947,0,Bsolo,0.8421052631578947,False,False,0.0
q_0275,1,0.7,qwen35_9b,qwen35_9b,True,0.0,0.5172413793103448,0.5172413793103448,1,Bsolo,0.8421052631578947,False,False,1.0
q_0288,1,0.7,qwen35_9b,qwen35_9b,True,1.0,0.5172413793103448,0.5172413793103448,1,Bsolo,0.8421052631578947,False,False,1.0
q_0315,1,0.7,qwen35_9b,qwen35_9b,True,1.0,0.8421052631578947,0.8421052631578947,0,Bsolo,0.8421052631578947,False,False,0.0
q_0327,1,0.7,qwen35_9b,qwen35_9b,True,0.1111111111111111,0.8421052631578947,0.8421052631578947,0,Bsolo,0.8421052631578947,False,False,0.0
q_0375,1,0.7,qwen35_9b,qwen35_9b,True,0.0,0.5172413793103448,0.5172413793103448,1,Bsolo,0.8421052631578947,False,False,1.0
q_0392,1,0.7,qwen35_9b,qwen35_9b,True,0.5,0.5172413793103448,0.5172413793103448,0,Bsolo,0.8421052631578947,False,False,0.0
q_0397,1,0.7,qwen35_9b,qwen35_9b,True,0.0,0.8421052631578947,0.8421052631578947,0,Bsolo,0.8421052631578947,False,False,0.0
q_0400,1,0.7,qwen35_9b,qwen35_9b,True,0.3333333333333333,0.5172413793103448,0.5172413793103448,1,Bsolo,0.8421052631578947,False,False,1.0
q_0403,1,0.7,qwen35_9b,qwen35_9b,True,1.0,0.5172413793103448,0.5172413793103448,1,Bsolo,0.8421052631578947,False,False,1.0
q_0404,1,0.7,qwen35_9b,qwen35_9b,True,1.0,0.5172413793103448,0.5172413793103448,1,Bsolo,0.8421052631578947,False,False,1.0
q_0409,1,0.7,qwen35_9b,qwen35_9b,True,0.3333333333333333,0.9090909090909091,0.9090909090909091,0,Bsolo,0.8421052631578947,True,True,
q_0426,1,0.7,qwen35_9b,qwen35_9b,True,1.0,0.8421052631578947,0.8421052631578947,0,Bsolo,0.8421052631578947,False,False,0.0
q_0429,1,0.7,qwen35_9b,qwen35_9b,False,,0.5172413793103448,0.5172413793103448,1,Bsolo,0.8421052631578947,False,False,1.0
q_0486,1,0.7,qwen35_9b,qwen35_9b,True,1.0,0.5172413793103448,0.5172413793103448,1,Bsolo,0.8421052631578947,False,False,1.0
q_0510,1,0.7,qwen35_9b,qwen35_9b,False,,0.8421052631578947,0.8421052631578947,0,Bsolo,0.8421052631578947,False,False,0.0
q_0517,1,0.7,qwen35_9b,qwen35_9b,True,1.0,0.5172413793103448,0.5172413793103448,0,Bsolo,0.8421052631578947,False,False,0.0
q_0519,1,0.7,qwen35_9b,qwen35_9b,True,0.6666666666666666,0.8421052631578947,0.8421052631578947,0,Bsolo,0.8421052631578947,False,False,0.0
q_0540,1,0.7,qwen35_9b,qwen35_9b,True,0.6666666666666666,0.8421052631578947,0.8421052631578947,1,Bsolo,0.8421052631578947,False,False,1.0
q_0542,1,0.7,qwen35_9b,qwen35_9b,False,,0.9696969696969697,0.9696969696969697,0,Bsolo,0.8421052631578947,True,True,
q_0550,1,0.7,qwen35_9b,qwen35_9b,True,1.0,1.0,1.0,0,Bsolo,0.8421052631578947,True,True,
q_0578,1,0.7,qwen35_9b,qwen35_9b,True,0.0,0.8421052631578947,0.8421052631578947,0,Bsolo,0.8421052631578947,False,False,0.0
q_0588,1,0.7,qwen35_9b,qwen35_9b,True,1.0,0.5172413793103448,0.5172413793103448,0,Bsolo,0.8421052631578947,False,False,0.0
q_0595,1,0.7,qwen35_9b,qwen35_9b,True,1.0,0.9090909090909091,0.9090909090909091,0,Bsolo,0.8421052631578947,True,True,
q_0600,1,0.7,qwen35_9b,qwen35_9b,True,0.25,0.8421052631578947,0.8421052631578947,0,Bsolo,0.8421052631578947,False,False,0.0
q_0604,1,0.7,qwen35_9b,qwen35_9b,True,0.0,0.9090909090909091,0.9090909090909091,0,Bsolo,0.8421052631578947,True,True,
q_0612,1,0.7,qwen35_9b,qwen35_9b,True,0.0,0.8421052631578947,0.8421052631578947,0,Bsolo,0.8421052631578947,False,False,0.0
q_0625,1,0.7,qwen35_9b,qwen35_9b,True,1.0,0.5172413793103448,0.5172413793103448,1,Bsolo,0.8421052631578947,False,False,1.0
q_0640,1,0.7,qwen35_9b,qwen35_9b,False,,1.0,1.0,0,Bsolo,0.8421052631578947,True,True,
q_0654,1,0.7,qwen35_9b,qwen35_9b,False,,1.0,1.0,0,Bsolo,0.8421052631578947,True,True,
q_0693,1,0.7,qwen35_9b,qwen35_9b,True,1.0,0.5172413793103448,0.5172413793103448,0,Bsolo,0.8421052631578947,False,False,0.0
q_0708,1,0.7,qwen35_9b,qwen35_9b,True,0.25,0.8421052631578947,0.8421052631578947,0,Bsolo,0.8421052631578947,False,False,0.0
q_0710,1,0.7,qwen35_9b,qwen35_9b,True,1.0,0.8421052631578947,0.8421052631578947,0,Bsolo,0.8421052631578947,False,False,0.0
q_0039,2,0.7,qwen35_9b,qwen35_9b,True,1.0,1.0,1.0,0,Bsolo,0.8727272727272728,True,True,
q_0061,2,0.7,qwen35_9b,qwen35_9b,True,0.0,1.0,1.0,0,Bsolo,0.8727272727272728,True,True,
q_0080,2,0.7,qwen35_9b,qwen35_9b,False,,1.0,1.0,0,Bsolo,0.8727272727272728,True,True,
q_0106,2,0.7,qwen35_9b,qwen35_9b,True,0.5,0.8727272727272728,0.8727272727272728,0,Bsolo,0.8727272727272728,False,False,0.0
q_0111,2,0.7,qwen35_9b,qwen35_9b,True,1.0,1.0,1.0,0,Bsolo,0.8727272727272728,True,True,
q_0152,2,0.7,qwen35_9b,qwen35_9b,True,0.3333333333333333,0.8727272727272728,0.8727272727272728,0,Bsolo,0.8727272727272728,False,False,0.0
q_0162,2,0.7,qwen35_9b,qwen35_9b,True,0.75,0.8727272727272728,0.8727272727272728,0,Bsolo,0.8727272727272728,False,False,0.0
q_0169,2,0.7,qwen35_9b,qwen35_9b,False,,1.0,1.0,0,Bsolo,0.8727272727272728,True,True,
q_0182,2,0.7,qwen35_9b,qwen35_9b,True,0.6666666666666666,0.8727272727272728,0.8727272727272728,0,Bsolo,0.8727272727272728,False,False,0.0
q_0194,2,0.7,qwen35_9b,qwen35_9b,True,0.5,0.8727272727272728,0.8727272727272728,0,Bsolo,0.8727272727272728,False,False,0.0
q_0207,2,0.7,qwen35_9b,qwen35_9b,True,0.2,0.9090909090909091,0.9090909090909091,0,Bsolo,0.8727272727272728,True,True,
q_0215,2,0.7,qwen35_9b,qwen35_9b,True,0.6666666666666666,0.5,0.5,1,Bsolo,0.8727272727272728,False,False,1.0
q_0216,2,0.7,qwen35_9b,qwen35_9b,True,0.0,0.9090909090909091,0.9090909090909091,0,Bsolo,0.8727272727272728,True,True,
q_0231,2,0.7,qwen35_9b,qwen35_9b,True,0.5,1.0,1.0,0,Bsolo,0.8727272727272728,True,True,
q_0237,2,0.7,qwen35_9b,qwen35_9b,True,0.0,0.8727272727272728,0.8727272727272728,1,Bsolo,0.8727272727272728,False,False,1.0
q_0246,2,0.7,qwen35_9b,qwen35_9b,True,0.4,0.9090909090909091,0.9090909090909091,0,Bsolo,0.8727272727272728,True,True,
q_0257,2,0.7,qwen35_9b,qwen35_9b,True,1.0,1.0,1.0,0,Bsolo,0.8727272727272728,True,True,
q_0268,2,0.7,qwen35_9b,qwen35_9b,True,0.0,0.5,0.5,0,Bsolo,0.8727272727272728,False,False,0.0
q_0296,2,0.7,qwen35_9b,qwen35_9b,True,0.0,0.5,0.5,1,Bsolo,0.8727272727272728,False,False,1.0
q_0323,2,0.7,qwen35_9b,qwen35_9b,True,1.0,0.8727272727272728,0.8727272727272728,1,Bsolo,0.8727272727272728,False,False,1.0
q_0347,2,0.7,qwen35_9b,qwen35_9b,False,,0.9090909090909091,0.9090909090909091,0,Bsolo,0.8727272727272728,True,True,
q_0352,2,0.7,qwen35_9b,qwen35_9b,True,0.0,0.5,0.5,1,Bsolo,0.8727272727272728,False,False,1.0
q_0356,2,0.7,qwen35_9b,qwen35_9b,True,0.0,1.0,1.0,0,Bsolo,0.8727272727272728,True,True,
q_0423,2,0.7,qwen35_9b,qwen35_9b,True,0.0,0.5,0.5,0,Bsolo,0.8727272727272728,False,False,0.0
q_0434,2,0.7,qwen35_9b,qwen35_9b,True,0.0,0.8727272727272728,0.8727272727272728,0,Bsolo,0.8727272727272728,False,False,0.0
q_0443,2,0.7,qwen35_9b,qwen35_9b,True,0.75,0.5,0.5,1,Bsolo,0.8727272727272728,False,False,1.0
q_0451,2,0.7,qwen35_9b,qwen35_9b,True,1.0,0.8727272727272728,0.8727272727272728,0,Bsolo,0.8727272727272728,False,False,0.0
q_0463,2,0.7,qwen35_9b,qwen35_9b,False,,0.8727272727272728,0.8727272727272728,0,Bsolo,0.8727272727272728,False,False,0.0
q_0475,2,0.7,qwen35_9b,qwen35_9b,False,,1.0,1.0,0,Bsolo,0.8727272727272728,True,True,
q_0507,2,0.7,qwen35_9b,qwen35_9b,True,1.0,0.8727272727272728,0.8727272727272728,0,Bsolo,0.8727272727272728,False,False,0.0
q_0514,2,0.7,qwen35_9b,qwen35_9b,True,0.6666666666666666,0.5,0.5,0,Bsolo,0.8727272727272728,False,False,0.0
q_0525,2,0.7,qwen35_9b,qwen35_9b,True,1.0,0.8727272727272728,0.8727272727272728,0,Bsolo,0.8727272727272728,False,False,0.0
q_0559,2,0.7,qwen35_9b,qwen35_9b,True,0.375,0.5,0.5,0,Bsolo,0.8727272727272728,False,False,0.0
q_0580,2,0.7,qwen35_9b,qwen35_9b,True,0.0,1.0,1.0,0,Bsolo,0.8727272727272728,True,True,
q_0587,2,0.7,qwen35_9b,qwen35_9b,True,0.5,0.8727272727272728,0.8727272727272728,0,Bsolo,0.8727272727272728,False,False,0.0
q_0622,2,0.7,qwen35_9b,qwen35_9b,False,,1.0,1.0,0,Bsolo,0.8727272727272728,True,True,
q_0624,2,0.7,qwen35_9b,qwen35_9b,True,0.6666666666666666,0.5,0.5,1,Bsolo,0.8727272727272728,False,False,1.0
q_0686,2,0.7,qwen35_9b,qwen35_9b,True,1.0,0.8727272727272728,0.8727272727272728,0,Bsolo,0.8727272727272728,False,False,0.0
q_0692,2,0.7,qwen35_9b,qwen35_9b,True,1.0,0.5,0.5,1,Bsolo,0.8727272727272728,False,False,1.0
q_0700,2,0.7,qwen35_9b,qwen35_9b,True,1.0,0.8727272727272728,0.8727272727272728,1,Bsolo,0.8727272727272728,False,False,1.0
q_0018,3,0.7,qwen35_9b,qwen35_9b,True,0.0,0.9083469721767594,0.9083469721767594,0,Bsolo,0.8936170212765957,True,True,
q_0079,3,0.7,qwen35_9b,qwen35_9b,True,0.3333333333333333,0.8936170212765957,0.8936170212765957,0,Bsolo,0.8936170212765957,False,False,0.0
q_0083,3,0.7,qwen35_9b,qwen35_9b,False,,0.8936170212765957,0.8936170212765957,0,Bsolo,0.8936170212765957,False,False,0.0
q_0098,3,0.7,qwen35_9b,qwen35_9b,True,1.0,0.8936170212765957,0.8936170212765957,0,Bsolo,0.8936170212765957,False,False,0.0
q_0117,3,0.7,qwen35_9b,qwen35_9b,True,0.5,0.8936170212765957,0.8936170212765957,0,Bsolo,0.8936170212765957,False,False,0.0
q_0149,3,0.7,qwen35_9b,qwen35_9b,True,0.09090909090909091,0.43243243243243246,0.43243243243243246,0,Bsolo,0.8936170212765957,False,False,0.0
q_0180,3,0.7,qwen35_9b,qwen35_9b,True,0.25,1.0,1.0,0,Bsolo,0.8936170212765957,True,True,
q_0189,3,0.7,qwen35_9b,qwen35_9b,True,0.0,0.8936170212765957,0.8936170212765957,0,Bsolo,0.8936170212765957,False,False,0.0
q_0198,3,0.7,qwen35_9b,qwen35_9b,True,0.3333333333333333,0.8936170212765957,0.8936170212765957,0,Bsolo,0.8936170212765957,False,False,0.0
q_0223,3,0.7,qwen35_9b,qwen35_9b,False,,0.43243243243243246,0.43243243243243246,1,Bsolo,0.8936170212765957,False,False,1.0
q_0260,3,0.7,qwen35_9b,qwen35_9b,True,0.0,0.8936170212765957,0.8936170212765957,0,Bsolo,0.8936170212765957,False,False,0.0
q_0277,3,0.7,qwen35_9b,qwen35_9b,True,0.0,0.8936170212765957,0.8936170212765957,0,Bsolo,0.8936170212765957,False,False,0.0
q_0283,3,0.7,qwen35_9b,qwen35_9b,True,0.25,0.43243243243243246,0.43243243243243246,1,Bsolo,0.8936170212765957,False,False,1.0
q_0299,3,0.7,qwen35_9b,qwen35_9b,True,0.5,1.0,1.0,0,Bsolo,0.8936170212765957,True,True,
q_0335,3,0.7,qwen35_9b,qwen35_9b,True,0.14285714285714285,0.43243243243243246,0.43243243243243246,0,Bsolo,0.8936170212765957,False,False,0.0
q_0343,3,0.7,qwen35_9b,qwen35_9b,False,,1.0,1.0,0,Bsolo,0.8936170212765957,True,True,
q_0345,3,0.7,qwen35_9b,qwen35_9b,True,0.4,0.8936170212765957,0.8936170212765957,1,Bsolo,0.8936170212765957,False,False,1.0
q_0383,3,0.7,qwen35_9b,qwen35_9b,True,1.0,0.43243243243243246,0.43243243243243246,1,Bsolo,0.8936170212765957,False,False,1.0
q_0385,3,0.7,qwen35_9b,qwen35_9b,True,0.0,0.8936170212765957,0.8936170212765957,0,Bsolo,0.8936170212765957,False,False,0.0
q_0388,3,0.7,qwen35_9b,qwen35_9b,True,0.0,0.8936170212765957,0.8936170212765957,1,Bsolo,0.8936170212765957,False,False,1.0
q_0396,3,0.7,qwen35_9b,qwen35_9b,False,,0.43243243243243246,0.43243243243243246,0,Bsolo,0.8936170212765957,False,False,0.0
q_0399,3,0.7,qwen35_9b,qwen35_9b,True,0.0,0.8936170212765957,0.8936170212765957,1,Bsolo,0.8936170212765957,False,False,1.0
q_0424,3,0.7,qwen35_9b,qwen35_9b,True,1.0,0.8936170212765957,0.8936170212765957,0,Bsolo,0.8936170212765957,False,False,0.0
q_0435,3,0.7,qwen35_9b,qwen35_9b,True,0.0,0.8936170212765957,0.8936170212765957,0,Bsolo,0.8936170212765957,False,False,0.0
q_0438,3,0.7,qwen35_9b,qwen35_9b,True,0.75,0.8936170212765957,0.8936170212765957,0,Bsolo,0.8936170212765957,False,False,0.0
q_0455,3,0.7,qwen35_9b,qwen35_9b,True,1.0,1.0,1.0,0,Bsolo,0.8936170212765957,True,True,
q_0467,3,0.7,qwen35_9b,qwen35_9b,False,,0.43243243243243246,0.43243243243243246,0,Bsolo,0.8936170212765957,False,False,0.0
q_0478,3,0.7,qwen35_9b,qwen35_9b,False,,1.0,1.0,0,Bsolo,0.8936170212765957,True,True,
q_0516,3,0.7,qwen35_9b,qwen35_9b,True,1.0,0.8936170212765957,0.8936170212765957,0,Bsolo,0.8936170212765957,False,False,0.0
q_0522,3,0.7,qwen35_9b,qwen35_9b,True,1.0,0.8936170212765957,0.8936170212765957,0,Bsolo,0.8936170212765957,False,False,0.0
q_0546,3,0.7,qwen35_9b,qwen35_9b,False,,1.0,1.0,0,Bsolo,0.8936170212765957,True,True,
q_0549,3,0.7,qwen35_9b,qwen35_9b,True,1.0,0.8936170212765957,0.8936170212765957,0,Bsolo,0.8936170212765957,False,False,0.0
q_0553,3,0.7,qwen35_9b,qwen35_9b,True,1.0,0.8936170212765957,0.8936170212765957,0,Bsolo,0.8936170212765957,False,False,0.0
q_0564,3,0.7,qwen35_9b,qwen35_9b,True,0.25,0.43243243243243246,0.43243243243243246,0,Bsolo,0.8936170212765957,False,False,0.0
q_0576,3,0.7,qwen35_9b,qwen35_9b,True,0.0,0.8936170212765957,0.8936170212765957,0,Bsolo,0.8936170212765957,False,False,0.0
q_0608,3,0.7,qwen35_9b,qwen35_9b,True,0.5,0.9230769230769231,0.9230769230769231,0,Bsolo,0.8936170212765957,True,True,
q_0671,3,0.7,qwen35_9b,qwen35_9b,True,0.0,0.8936170212765957,0.8936170212765957,1,Bsolo,0.8936170212765957,False,False,1.0
q_0676,3,0.7,qwen35_9b,qwen35_9b,True,1.0,0.8936170212765957,0.8936170212765957,0,Bsolo,0.8936170212765957,False,False,0.0
q_0690,3,0.7,qwen35_9b,qwen35_9b,True,1.0,0.8936170212765957,0.8936170212765957,1,Bsolo,0.8936170212765957,False,False,1.0
q_0694,3,0.7,qwen35_9b,qwen35_9b,True,1.0,0.43243243243243246,0.43243243243243246,0,Bsolo,0.8936170212765957,False,False,0.0
q_0022,4,0.7,qwen35_9b,qwen35_9b,True,1.0,0.8727272727272728,0.8727272727272728,0,Bsolo,0.9090909090909091,False,False,0.0
q_0023,4,0.7,qwen35_9b,qwen35_9b,True,1.0,1.0,1.0,0,Bsolo,0.9090909090909091,True,True,
q_0031,4,0.7,qwen35_9b,qwen35_9b,True,0.5,0.5,0.5,1,Bsolo,0.9090909090909091,False,False,1.0
q_0040,4,0.7,qwen35_9b,qwen35_9b,True,1.0,0.5,0.5,1,Bsolo,0.9090909090909091,False,False,1.0
q_0060,4,0.7,qwen35_9b,qwen35_9b,False,,1.0,1.0,0,Bsolo,0.9090909090909091,True,True,
q_0069,4,0.7,qwen35_9b,qwen35_9b,True,0.6666666666666666,0.8727272727272728,0.8727272727272728,1,Bsolo,0.9090909090909091,False,False,1.0
q_0073,4,0.7,qwen35_9b,qwen35_9b,False,,0.5,0.5,0,Bsolo,0.9090909090909091,False,False,0.0
q_0105,4,0.7,qwen35_9b,qwen35_9b,True,1.0,0.8727272727272728,0.8727272727272728,0,Bsolo,0.9090909090909091,False,False,0.0
q_0118,4,0.7,qwen35_9b,qwen35_9b,True,1.0,0.5,0.5,0,Bsolo,0.9090909090909091,False,False,0.0
q_0139,4,0.7,qwen35_9b,qwen35_9b,True,1.0,0.5,0.5,1,Bsolo,0.9090909090909091,False,False,1.0
q_0146,4,0.7,qwen35_9b,qwen35_9b,False,,1.0,1.0,0,Bsolo,0.9090909090909091,True,True,
q_0166,4,0.7,qwen35_9b,qwen35_9b,False,,0.9090909090909091,0.9090909090909091,0,Bsolo,0.9090909090909091,False,False,0.0
q_0192,4,0.7,qwen35_9b,qwen35_9b,True,1.0,0.5,0.5,0,Bsolo,0.9090909090909091,False,False,0.0
q_0222,4,0.7,qwen35_9b,qwen35_9b,True,0.0,1.0,1.0,0,Bsolo,0.9090909090909091,True,True,
q_0224,4,0.7,qwen35_9b,qwen35_9b,True,1.0,0.5,0.5,1,Bsolo,0.9090909090909091,False,False,1.0
q_0284,4,0.7,qwen35_9b,qwen35_9b,True,1.0,0.8727272727272728,0.8727272727272728,1,Bsolo,0.9090909090909091,False,False,1.0
q_0285,4,0.7,qwen35_9b,qwen35_9b,True,0.2,0.9090909090909091,0.9090909090909091,0,Bsolo,0.9090909090909091,False,False,0.0
q_0364,4,0.7,qwen35_9b,qwen35_9b,True,0.4,0.5,0.5,1,Bsolo,0.9090909090909091,False,False,1.0
q_0369,4,0.7,qwen35_9b,qwen35_9b,True,1.0,0.5,0.5,0,Bsolo,0.9090909090909091,False,False,0.0
q_0374,4,0.7,qwen35_9b,qwen35_9b,False,,0.8727272727272728,0.8727272727272728,0,Bsolo,0.9090909090909091,False,False,0.0
q_0382,4,0.7,qwen35_9b,qwen35_9b,False,,0.8727272727272728,0.8727272727272728,0,Bsolo,0.9090909090909091,False,False,0.0
q_0395,4,0.7,qwen35_9b,qwen35_9b,True,0.0,0.5,0.5,1,Bsolo,0.9090909090909091,False,False,1.0
q_0433,4,0.7,qwen35_9b,qwen35_9b,True,0.0,0.5,0.5,0,Bsolo,0.9090909090909091,False,False,0.0
q_0459,4,0.7,qwen35_9b,qwen35_9b,True,1.0,0.8727272727272728,0.8727272727272728,0,Bsolo,0.9090909090909091,False,False,0.0
q_0480,4,0.7,qwen35_9b,qwen35_9b,True,1.0,0.5,0.5,1,Bsolo,0.9090909090909091,False,False,1.0
q_0481,4,0.7,qwen35_9b,qwen35_9b,True,0.25,0.5,0.5,0,Bsolo,0.9090909090909091,False,False,0.0
q_0492,4,0.7,qwen35_9b,qwen35_9b,True,1.0,0.5,0.5,0,Bsolo,0.9090909090909091,False,False,0.0
q_0515,4,0.7,qwen35_9b,qwen35_9b,True,1.0,0.8727272727272728,0.8727272727272728,0,Bsolo,0.9090909090909091,False,False,0.0
q_0523,4,0.7,qwen35_9b,qwen35_9b,False,,0.8727272727272728,0.8727272727272728,0,Bsolo,0.9090909090909091,False,False,0.0
q_0524,4,0.7,qwen35_9b,qwen35_9b,True,1.0,0.5,0.5,0,Bsolo,0.9090909090909091,False,False,0.0
q_0527,4,0.7,qwen35_9b,qwen35_9b,True,1.0,0.8727272727272728,0.8727272727272728,1,Bsolo,0.9090909090909091,False,False,1.0
q_0530,4,0.7,qwen35_9b,qwen35_9b,True,1.0,0.5,0.5,1,Bsolo,0.9090909090909091,False,False,1.0
q_0538,4,0.7,qwen35_9b,qwen35_9b,True,1.0,0.8727272727272728,0.8727272727272728,0,Bsolo,0.9090909090909091,False,False,0.0
q_0563,4,0.7,qwen35_9b,qwen35_9b,True,1.0,0.9090909090909091,0.9090909090909091,0,Bsolo,0.9090909090909091,False,False,0.0
q_0574,4,0.7,qwen35_9b,qwen35_9b,True,1.0,0.8727272727272728,0.8727272727272728,0,Bsolo,0.9090909090909091,False,False,0.0
q_0583,4,0.7,qwen35_9b,qwen35_9b,True,1.0,0.5,0.5,1,Bsolo,0.9090909090909091,False,False,1.0
q_0630,4,0.7,qwen35_9b,qwen35_9b,True,0.5,0.8727272727272728,0.8727272727272728,0,Bsolo,0.9090909090909091,False,False,0.0
q_0644,4,0.7,qwen35_9b,qwen35_9b,True,0.5,0.8727272727272728,0.8727272727272728,0,Bsolo,0.9090909090909091,False,False,0.0
q_0647,4,0.7,qwen35_9b,qwen35_9b,True,0.0,0.5,0.5,1,Bsolo,0.9090909090909091,False,False,1.0
q_0711,4,0.7,qwen35_9b,qwen35_9b,True,1.0,0.5,0.5,0,Bsolo,0.9090909090909091,False,False,0.0
q_0004,0,0.9,qwen35_9b,qwen35_9b,True,1.0,0.8235294117647058,0.8235294117647058,1,Bsolo,1.0,False,False,1.0
q_0035,0,0.9,qwen35_9b,qwen35_9b,False,,0.8235294117647058,0.8235294117647058,0,Bsolo,1.0,False,False,0.0
q_0045,0,0.9,qwen35_9b,qwen35_9b,True,0.0,0.8235294117647058,0.8235294117647058,0,Bsolo,1.0,False,False,0.0
q_0048,0,0.9,qwen35_9b,qwen35_9b,True,0.0,0.8235294117647058,0.8235294117647058,0,Bsolo,1.0,False,False,0.0
q_0050,0,0.9,qwen35_9b,qwen35_9b,True,1.0,0.8235294117647058,0.8235294117647058,0,Bsolo,1.0,False,False,0.0
q_0062,0,0.9,qwen35_9b,qwen35_9b,True,0.5,0.4722222222222222,0.4722222222222222,0,Bsolo,1.0,False,False,0.0
q_0082,0,0.9,qwen35_9b,qwen35_9b,True,0.0,0.8235294117647058,0.8235294117647058,0,Bsolo,1.0,False,False,0.0
q_0101,0,0.9,qwen35_9b,qwen35_9b,True,1.0,0.8235294117647058,0.8235294117647058,0,Bsolo,1.0,False,False,0.0
q_0123,0,0.9,qwen35_9b,qwen35_9b,True,0.14285714285714285,0.4722222222222222,0.4722222222222222,0,Bsolo,1.0,False,False,0.0
q_0129,0,0.9,qwen35_9b,qwen35_9b,True,0.15384615384615385,0.8235294117647058,0.8235294117647058,0,Bsolo,1.0,False,False,0.0
q_0130,0,0.9,qwen35_9b,qwen35_9b,True,1.0,0.4722222222222222,0.4722222222222222,1,Bsolo,1.0,False,False,1.0
q_0202,0,0.9,qwen35_9b,qwen35_9b,True,0.0,1.0,1.0,0,Bsolo,1.0,False,False,0.0
q_0212,0,0.9,qwen35_9b,qwen35_9b,True,0.6666666666666666,0.8235294117647058,0.8235294117647058,0,Bsolo,1.0,False,False,0.0
q_0236,0,0.9,qwen35_9b,qwen35_9b,True,0.0,0.4722222222222222,0.4722222222222222,0,Bsolo,1.0,False,False,0.0
q_0241,0,0.9,qwen35_9b,qwen35_9b,True,0.0,1.0,1.0,1,Bsolo,1.0,False,False,1.0
q_0259,0,0.9,qwen35_9b,qwen35_9b,True,1.0,1.0,1.0,0,Bsolo,1.0,False,False,0.0
q_0266,0,0.9,qwen35_9b,qwen35_9b,True,1.0,0.4722222222222222,0.4722222222222222,1,Bsolo,1.0,False,False,1.0
q_0274,0,0.9,qwen35_9b,qwen35_9b,True,0.3333333333333333,0.8235294117647058,0.8235294117647058,0,Bsolo,1.0,False,False,0.0
q_0289,0,0.9,qwen35_9b,qwen35_9b,True,0.75,0.4722222222222222,0.4722222222222222,0,Bsolo,1.0,False,False,0.0
q_0306,0,0.9,qwen35_9b,qwen35_9b,True,0.2,1.0,1.0,0,Bsolo,1.0,False,False,0.0
q_0362,0,0.9,qwen35_9b,qwen35_9b,True,0.0,0.8235294117647058,0.8235294117647058,0,Bsolo,1.0,False,False,0.0
q_0368,0,0.9,qwen35_9b,qwen35_9b,True,1.0,0.4722222222222222,0.4722222222222222,1,Bsolo,1.0,False,False,1.0
q_0371,0,0.9,qwen35_9b,qwen35_9b,True,1.0,0.4722222222222222,0.4722222222222222,1,Bsolo,1.0,False,False,1.0
q_0372,0,0.9,qwen35_9b,qwen35_9b,False,,1.0,1.0,0,Bsolo,1.0,False,False,0.0
q_0378,0,0.9,qwen35_9b,qwen35_9b,True,0.0,0.8235294117647058,0.8235294117647058,0,Bsolo,1.0,False,False,0.0
q_0384,0,0.9,qwen35_9b,qwen35_9b,True,1.0,0.4722222222222222,0.4722222222222222,1,Bsolo,1.0,False,False,1.0
q_0417,0,0.9,qwen35_9b,qwen35_9b,True,0.0,0.4722222222222222,0.4722222222222222,0,Bsolo,1.0,False,False,0.0
q_0432,0,0.9,qwen35_9b,qwen35_9b,True,1.0,1.0,1.0,0,Bsolo,1.0,False,False,0.0
q_0462,0,0.9,qwen35_9b,qwen35_9b,False,,1.0,1.0,0,Bsolo,1.0,False,False,0.0
q_0466,0,0.9,qwen35_9b,qwen35_9b,False,,1.0,1.0,0,Bsolo,1.0,False,False,0.0
q_0471,0,0.9,qwen35_9b,qwen35_9b,True,0.0,0.8235294117647058,0.8235294117647058,0,Bsolo,1.0,False,False,0.0
q_0494,0,0.9,qwen35_9b,qwen35_9b,True,0.6,0.8235294117647058,0.8235294117647058,0,Bsolo,1.0,False,False,0.0
q_0531,0,0.9,qwen35_9b,qwen35_9b,True,0.3333333333333333,0.8235294117647058,0.8235294117647058,0,Bsolo,1.0,False,False,0.0
q_0567,0,0.9,qwen35_9b,qwen35_9b,False,,1.0,1.0,0,Bsolo,1.0,False,False,0.0
q_0577,0,0.9,qwen35_9b,qwen35_9b,True,1.0,0.8235294117647058,0.8235294117647058,0,Bsolo,1.0,False,False,0.0
q_0586,0,0.9,qwen35_9b,qwen35_9b,False,,1.0,1.0,0,Bsolo,1.0,False,False,0.0
q_0602,0,0.9,qwen35_9b,qwen35_9b,True,0.0,0.8235294117647058,0.8235294117647058,0,Bsolo,1.0,False,False,0.0
q_0704,0,0.9,qwen35_9b,qwen35_9b,True,0.5,0.8235294117647058,0.8235294117647058,0,Bsolo,1.0,False,False,0.0
q_0706,0,0.9,qwen35_9b,qwen35_9b,True,0.5,0.8235294117647058,0.8235294117647058,0,Bsolo,1.0,False,False,0.0
q_0712,0,0.9,qwen35_9b,qwen35_9b,True,0.0,1.0,1.0,0,Bsolo,1.0,False,False,0.0
q_0044,1,0.9,qwen35_9b,qwen35_9b,True,0.0,0.5172413793103448,0.5172413793103448,0,Bsolo,0.9090909090909091,False,False,0.0
q_0052,1,0.9,qwen35_9b,qwen35_9b,True,0.0,0.9090909090909091,0.9090909090909091,0,Bsolo,0.9090909090909091,False,False,0.0
q_0084,1,0.9,qwen35_9b,qwen35_9b,False,,0.5172413793103448,0.5172413793103448,0,Bsolo,0.9090909090909091,False,False,0.0
q_0097,1,0.9,qwen35_9b,qwen35_9b,True,0.25,0.5172413793103448,0.5172413793103448,0,Bsolo,0.9090909090909091,False,False,0.0
q_0099,1,0.9,qwen35_9b,qwen35_9b,True,1.0,1.0,1.0,0,Bsolo,0.9090909090909091,True,True,
q_0156,1,0.9,qwen35_9b,qwen35_9b,True,1.0,1.0,1.0,0,Bsolo,0.9090909090909091,True,True,
q_0220,1,0.9,qwen35_9b,qwen35_9b,True,0.5,0.5172413793103448,0.5172413793103448,1,Bsolo,0.9090909090909091,False,False,1.0
q_0263,1,0.9,qwen35_9b,qwen35_9b,True,0.5,0.8421052631578947,0.8421052631578947,0,Bsolo,0.9090909090909091,False,False,0.0
q_0275,1,0.9,qwen35_9b,qwen35_9b,True,0.0,0.5172413793103448,0.5172413793103448,1,Bsolo,0.9090909090909091,False,False,1.0
q_0288,1,0.9,qwen35_9b,qwen35_9b,True,1.0,0.5172413793103448,0.5172413793103448,1,Bsolo,0.9090909090909091,False,False,1.0
q_0315,1,0.9,qwen35_9b,qwen35_9b,True,1.0,0.8421052631578947,0.8421052631578947,0,Bsolo,0.9090909090909091,False,False,0.0
q_0327,1,0.9,qwen35_9b,qwen35_9b,True,0.1111111111111111,0.8421052631578947,0.8421052631578947,0,Bsolo,0.9090909090909091,False,False,0.0
q_0375,1,0.9,qwen35_9b,qwen35_9b,True,0.0,0.5172413793103448,0.5172413793103448,1,Bsolo,0.9090909090909091,False,False,1.0
q_0392,1,0.9,qwen35_9b,qwen35_9b,True,0.5,0.5172413793103448,0.5172413793103448,0,Bsolo,0.9090909090909091,False,False,0.0
q_0397,1,0.9,qwen35_9b,qwen35_9b,True,0.0,0.8421052631578947,0.8421052631578947,0,Bsolo,0.9090909090909091,False,False,0.0
q_0400,1,0.9,qwen35_9b,qwen35_9b,True,0.3333333333333333,0.5172413793103448,0.5172413793103448,1,Bsolo,0.9090909090909091,False,False,1.0
q_0403,1,0.9,qwen35_9b,qwen35_9b,True,1.0,0.5172413793103448,0.5172413793103448,1,Bsolo,0.9090909090909091,False,False,1.0
q_0404,1,0.9,qwen35_9b,qwen35_9b,True,1.0,0.5172413793103448,0.5172413793103448,1,Bsolo,0.9090909090909091,False,False,1.0
q_0409,1,0.9,qwen35_9b,qwen35_9b,True,0.3333333333333333,0.9090909090909091,0.9090909090909091,0,Bsolo,0.9090909090909091,False,False,0.0
q_0426,1,0.9,qwen35_9b,qwen35_9b,True,1.0,0.8421052631578947,0.8421052631578947,0,Bsolo,0.9090909090909091,False,False,0.0
q_0429,1,0.9,qwen35_9b,qwen35_9b,False,,0.5172413793103448,0.5172413793103448,1,Bsolo,0.9090909090909091,False,False,1.0
q_0486,1,0.9,qwen35_9b,qwen35_9b,True,1.0,0.5172413793103448,0.5172413793103448,1,Bsolo,0.9090909090909091,False,False,1.0
q_0510,1,0.9,qwen35_9b,qwen35_9b,False,,0.8421052631578947,0.8421052631578947,0,Bsolo,0.9090909090909091,False,False,0.0
q_0517,1,0.9,qwen35_9b,qwen35_9b,True,1.0,0.5172413793103448,0.5172413793103448,0,Bsolo,0.9090909090909091,False,False,0.0
q_0519,1,0.9,qwen35_9b,qwen35_9b,True,0.6666666666666666,0.8421052631578947,0.8421052631578947,0,Bsolo,0.9090909090909091,False,False,0.0
q_0540,1,0.9,qwen35_9b,qwen35_9b,True,0.6666666666666666,0.8421052631578947,0.8421052631578947,1,Bsolo,0.9090909090909091,False,False,1.0
q_0542,1,0.9,qwen35_9b,qwen35_9b,False,,0.9696969696969697,0.9696969696969697,0,Bsolo,0.9090909090909091,True,True,
q_0550,1,0.9,qwen35_9b,qwen35_9b,True,1.0,1.0,1.0,0,Bsolo,0.9090909090909091,True,True,
q_0578,1,0.9,qwen35_9b,qwen35_9b,True,0.0,0.8421052631578947,0.8421052631578947,0,Bsolo,0.9090909090909091,False,False,0.0
q_0588,1,0.9,qwen35_9b,qwen35_9b,True,1.0,0.5172413793103448,0.5172413793103448,0,Bsolo,0.9090909090909091,False,False,0.0
q_0595,1,0.9,qwen35_9b,qwen35_9b,True,1.0,0.9090909090909091,0.9090909090909091,0,Bsolo,0.9090909090909091,False,False,0.0
q_0600,1,0.9,qwen35_9b,qwen35_9b,True,0.25,0.8421052631578947,0.8421052631578947,0,Bsolo,0.9090909090909091,False,False,0.0
q_0604,1,0.9,qwen35_9b,qwen35_9b,True,0.0,0.9090909090909091,0.9090909090909091,0,Bsolo,0.9090909090909091,False,False,0.0
q_0612,1,0.9,qwen35_9b,qwen35_9b,True,0.0,0.8421052631578947,0.8421052631578947,0,Bsolo,0.9090909090909091,False,False,0.0
q_0625,1,0.9,qwen35_9b,qwen35_9b,True,1.0,0.5172413793103448,0.5172413793103448,1,Bsolo,0.9090909090909091,False,False,1.0
q_0640,1,0.9,qwen35_9b,qwen35_9b,False,,1.0,1.0,0,Bsolo,0.9090909090909091,True,True,
q_0654,1,0.9,qwen35_9b,qwen35_9b,False,,1.0,1.0,0,Bsolo,0.9090909090909091,True,True,
q_0693,1,0.9,qwen35_9b,qwen35_9b,True,1.0,0.5172413793103448,0.5172413793103448,0,Bsolo,0.9090909090909091,False,False,0.0
q_0708,1,0.9,qwen35_9b,qwen35_9b,True,0.25,0.8421052631578947,0.8421052631578947,0,Bsolo,0.9090909090909091,False,False,0.0
q_0710,1,0.9,qwen35_9b,qwen35_9b,True,1.0,0.8421052631578947,0.8421052631578947,0,Bsolo,0.9090909090909091,False,False,0.0
q_0039,2,0.9,qwen35_9b,qwen35_9b,True,1.0,1.0,1.0,0,Bsolo,0.9090909090909091,True,True,
q_0061,2,0.9,qwen35_9b,qwen35_9b,True,0.0,1.0,1.0,0,Bsolo,0.9090909090909091,True,True,
q_0080,2,0.9,qwen35_9b,qwen35_9b,False,,1.0,1.0,0,Bsolo,0.9090909090909091,True,True,
q_0106,2,0.9,qwen35_9b,qwen35_9b,True,0.5,0.8727272727272728,0.8727272727272728,0,Bsolo,0.9090909090909091,False,False,0.0
q_0111,2,0.9,qwen35_9b,qwen35_9b,True,1.0,1.0,1.0,0,Bsolo,0.9090909090909091,True,True,
q_0152,2,0.9,qwen35_9b,qwen35_9b,True,0.3333333333333333,0.8727272727272728,0.8727272727272728,0,Bsolo,0.9090909090909091,False,False,0.0
q_0162,2,0.9,qwen35_9b,qwen35_9b,True,0.75,0.8727272727272728,0.8727272727272728,0,Bsolo,0.9090909090909091,False,False,0.0
q_0169,2,0.9,qwen35_9b,qwen35_9b,False,,1.0,1.0,0,Bsolo,0.9090909090909091,True,True,
q_0182,2,0.9,qwen35_9b,qwen35_9b,True,0.6666666666666666,0.8727272727272728,0.8727272727272728,0,Bsolo,0.9090909090909091,False,False,0.0
q_0194,2,0.9,qwen35_9b,qwen35_9b,True,0.5,0.8727272727272728,0.8727272727272728,0,Bsolo,0.9090909090909091,False,False,0.0
q_0207,2,0.9,qwen35_9b,qwen35_9b,True,0.2,0.9090909090909091,0.9090909090909091,0,Bsolo,0.9090909090909091,False,False,0.0
q_0215,2,0.9,qwen35_9b,qwen35_9b,True,0.6666666666666666,0.5,0.5,1,Bsolo,0.9090909090909091,False,False,1.0
q_0216,2,0.9,qwen35_9b,qwen35_9b,True,0.0,0.9090909090909091,0.9090909090909091,0,Bsolo,0.9090909090909091,False,False,0.0
q_0231,2,0.9,qwen35_9b,qwen35_9b,True,0.5,1.0,1.0,0,Bsolo,0.9090909090909091,True,True,
q_0237,2,0.9,qwen35_9b,qwen35_9b,True,0.0,0.8727272727272728,0.8727272727272728,1,Bsolo,0.9090909090909091,False,False,1.0
q_0246,2,0.9,qwen35_9b,qwen35_9b,True,0.4,0.9090909090909091,0.9090909090909091,0,Bsolo,0.9090909090909091,False,False,0.0
q_0257,2,0.9,qwen35_9b,qwen35_9b,True,1.0,1.0,1.0,0,Bsolo,0.9090909090909091,True,True,
q_0268,2,0.9,qwen35_9b,qwen35_9b,True,0.0,0.5,0.5,0,Bsolo,0.9090909090909091,False,False,0.0
q_0296,2,0.9,qwen35_9b,qwen35_9b,True,0.0,0.5,0.5,1,Bsolo,0.9090909090909091,False,False,1.0
q_0323,2,0.9,qwen35_9b,qwen35_9b,True,1.0,0.8727272727272728,0.8727272727272728,1,Bsolo,0.9090909090909091,False,False,1.0
q_0347,2,0.9,qwen35_9b,qwen35_9b,False,,0.9090909090909091,0.9090909090909091,0,Bsolo,0.9090909090909091,False,False,0.0
q_0352,2,0.9,qwen35_9b,qwen35_9b,True,0.0,0.5,0.5,1,Bsolo,0.9090909090909091,False,False,1.0
q_0356,2,0.9,qwen35_9b,qwen35_9b,True,0.0,1.0,1.0,0,Bsolo,0.9090909090909091,True,True,
q_0423,2,0.9,qwen35_9b,qwen35_9b,True,0.0,0.5,0.5,0,Bsolo,0.9090909090909091,False,False,0.0
q_0434,2,0.9,qwen35_9b,qwen35_9b,True,0.0,0.8727272727272728,0.8727272727272728,0,Bsolo,0.9090909090909091,False,False,0.0
q_0443,2,0.9,qwen35_9b,qwen35_9b,True,0.75,0.5,0.5,1,Bsolo,0.9090909090909091,False,False,1.0
q_0451,2,0.9,qwen35_9b,qwen35_9b,True,1.0,0.8727272727272728,0.8727272727272728,0,Bsolo,0.9090909090909091,False,False,0.0
q_0463,2,0.9,qwen35_9b,qwen35_9b,False,,0.8727272727272728,0.8727272727272728,0,Bsolo,0.9090909090909091,False,False,0.0
q_0475,2,0.9,qwen35_9b,qwen35_9b,False,,1.0,1.0,0,Bsolo,0.9090909090909091,True,True,
q_0507,2,0.9,qwen35_9b,qwen35_9b,True,1.0,0.8727272727272728,0.8727272727272728,0,Bsolo,0.9090909090909091,False,False,0.0
q_0514,2,0.9,qwen35_9b,qwen35_9b,True,0.6666666666666666,0.5,0.5,0,Bsolo,0.9090909090909091,False,False,0.0
q_0525,2,0.9,qwen35_9b,qwen35_9b,True,1.0,0.8727272727272728,0.8727272727272728,0,Bsolo,0.9090909090909091,False,False,0.0
q_0559,2,0.9,qwen35_9b,qwen35_9b,True,0.375,0.5,0.5,0,Bsolo,0.9090909090909091,False,False,0.0
q_0580,2,0.9,qwen35_9b,qwen35_9b,True,0.0,1.0,1.0,0,Bsolo,0.9090909090909091,True,True,
q_0587,2,0.9,qwen35_9b,qwen35_9b,True,0.5,0.8727272727272728,0.8727272727272728,0,Bsolo,0.9090909090909091,False,False,0.0
q_0622,2,0.9,qwen35_9b,qwen35_9b,False,,1.0,1.0,0,Bsolo,0.9090909090909091,True,True,
q_0624,2,0.9,qwen35_9b,qwen35_9b,True,0.6666666666666666,0.5,0.5,1,Bsolo,0.9090909090909091,False,False,1.0
q_0686,2,0.9,qwen35_9b,qwen35_9b,True,1.0,0.8727272727272728,0.8727272727272728,0,Bsolo,0.9090909090909091,False,False,0.0
q_0692,2,0.9,qwen35_9b,qwen35_9b,True,1.0,0.5,0.5,1,Bsolo,0.9090909090909091,False,False,1.0
q_0700,2,0.9,qwen35_9b,qwen35_9b,True,1.0,0.8727272727272728,0.8727272727272728,1,Bsolo,0.9090909090909091,False,False,1.0
q_0018,3,0.9,qwen35_9b,qwen35_9b,True,0.0,0.9083469721767594,0.9083469721767594,0,Bsolo,0.9230769230769231,False,False,0.0
q_0079,3,0.9,qwen35_9b,qwen35_9b,True,0.3333333333333333,0.8936170212765957,0.8936170212765957,0,Bsolo,0.9230769230769231,False,False,0.0
q_0083,3,0.9,qwen35_9b,qwen35_9b,False,,0.8936170212765957,0.8936170212765957,0,Bsolo,0.9230769230769231,False,False,0.0
q_0098,3,0.9,qwen35_9b,qwen35_9b,True,1.0,0.8936170212765957,0.8936170212765957,0,Bsolo,0.9230769230769231,False,False,0.0
q_0117,3,0.9,qwen35_9b,qwen35_9b,True,0.5,0.8936170212765957,0.8936170212765957,0,Bsolo,0.9230769230769231,False,False,0.0
q_0149,3,0.9,qwen35_9b,qwen35_9b,True,0.09090909090909091,0.43243243243243246,0.43243243243243246,0,Bsolo,0.9230769230769231,False,False,0.0
q_0180,3,0.9,qwen35_9b,qwen35_9b,True,0.25,1.0,1.0,0,Bsolo,0.9230769230769231,True,True,
q_0189,3,0.9,qwen35_9b,qwen35_9b,True,0.0,0.8936170212765957,0.8936170212765957,0,Bsolo,0.9230769230769231,False,False,0.0
q_0198,3,0.9,qwen35_9b,qwen35_9b,True,0.3333333333333333,0.8936170212765957,0.8936170212765957,0,Bsolo,0.9230769230769231,False,False,0.0
q_0223,3,0.9,qwen35_9b,qwen35_9b,False,,0.43243243243243246,0.43243243243243246,1,Bsolo,0.9230769230769231,False,False,1.0
q_0260,3,0.9,qwen35_9b,qwen35_9b,True,0.0,0.8936170212765957,0.8936170212765957,0,Bsolo,0.9230769230769231,False,False,0.0
q_0277,3,0.9,qwen35_9b,qwen35_9b,True,0.0,0.8936170212765957,0.8936170212765957,0,Bsolo,0.9230769230769231,False,False,0.0
q_0283,3,0.9,qwen35_9b,qwen35_9b,True,0.25,0.43243243243243246,0.43243243243243246,1,Bsolo,0.9230769230769231,False,False,1.0
q_0299,3,0.9,qwen35_9b,qwen35_9b,True,0.5,1.0,1.0,0,Bsolo,0.9230769230769231,True,True,
q_0335,3,0.9,qwen35_9b,qwen35_9b,True,0.14285714285714285,0.43243243243243246,0.43243243243243246,0,Bsolo,0.9230769230769231,False,False,0.0
q_0343,3,0.9,qwen35_9b,qwen35_9b,False,,1.0,1.0,0,Bsolo,0.9230769230769231,True,True,
q_0345,3,0.9,qwen35_9b,qwen35_9b,True,0.4,0.8936170212765957,0.8936170212765957,1,Bsolo,0.9230769230769231,False,False,1.0
q_0383,3,0.9,qwen35_9b,qwen35_9b,True,1.0,0.43243243243243246,0.43243243243243246,1,Bsolo,0.9230769230769231,False,False,1.0
q_0385,3,0.9,qwen35_9b,qwen35_9b,True,0.0,0.8936170212765957,0.8936170212765957,0,Bsolo,0.9230769230769231,False,False,0.0
q_0388,3,0.9,qwen35_9b,qwen35_9b,True,0.0,0.8936170212765957,0.8936170212765957,1,Bsolo,0.9230769230769231,False,False,1.0
q_0396,3,0.9,qwen35_9b,qwen35_9b,False,,0.43243243243243246,0.43243243243243246,0,Bsolo,0.9230769230769231,False,False,0.0
q_0399,3,0.9,qwen35_9b,qwen35_9b,True,0.0,0.8936170212765957,0.8936170212765957,1,Bsolo,0.9230769230769231,False,False,1.0
q_0424,3,0.9,qwen35_9b,qwen35_9b,True,1.0,0.8936170212765957,0.8936170212765957,0,Bsolo,0.9230769230769231,False,False,0.0
q_0435,3,0.9,qwen35_9b,qwen35_9b,True,0.0,0.8936170212765957,0.8936170212765957,0,Bsolo,0.9230769230769231,False,False,0.0
q_0438,3,0.9,qwen35_9b,qwen35_9b,True,0.75,0.8936170212765957,0.8936170212765957,0,Bsolo,0.9230769230769231,False,False,0.0
q_0455,3,0.9,qwen35_9b,qwen35_9b,True,1.0,1.0,1.0,0,Bsolo,0.9230769230769231,True,True,
q_0467,3,0.9,qwen35_9b,qwen35_9b,False,,0.43243243243243246,0.43243243243243246,0,Bsolo,0.9230769230769231,False,False,0.0
q_0478,3,0.9,qwen35_9b,qwen35_9b,False,,1.0,1.0,0,Bsolo,0.9230769230769231,True,True,
q_0516,3,0.9,qwen35_9b,qwen35_9b,True,1.0,0.8936170212765957,0.8936170212765957,0,Bsolo,0.9230769230769231,False,False,0.0
q_0522,3,0.9,qwen35_9b,qwen35_9b,True,1.0,0.8936170212765957,0.8936170212765957,0,Bsolo,0.9230769230769231,False,False,0.0
q_0546,3,0.9,qwen35_9b,qwen35_9b,False,,1.0,1.0,0,Bsolo,0.9230769230769231,True,True,
q_0549,3,0.9,qwen35_9b,qwen35_9b,True,1.0,0.8936170212765957,0.8936170212765957,0,Bsolo,0.9230769230769231,False,False,0.0
q_0553,3,0.9,qwen35_9b,qwen35_9b,True,1.0,0.8936170212765957,0.8936170212765957,0,Bsolo,0.9230769230769231,False,False,0.0
q_0564,3,0.9,qwen35_9b,qwen35_9b,True,0.25,0.43243243243243246,0.43243243243243246,0,Bsolo,0.9230769230769231,False,False,0.0
q_0576,3,0.9,qwen35_9b,qwen35_9b,True,0.0,0.8936170212765957,0.8936170212765957,0,Bsolo,0.9230769230769231,False,False,0.0
q_0608,3,0.9,qwen35_9b,qwen35_9b,True,0.5,0.9230769230769231,0.9230769230769231,0,Bsolo,0.9230769230769231,False,False,0.0
q_0671,3,0.9,qwen35_9b,qwen35_9b,True,0.0,0.8936170212765957,0.8936170212765957,1,Bsolo,0.9230769230769231,False,False,1.0
q_0676,3,0.9,qwen35_9b,qwen35_9b,True,1.0,0.8936170212765957,0.8936170212765957,0,Bsolo,0.9230769230769231,False,False,0.0
q_0690,3,0.9,qwen35_9b,qwen35_9b,True,1.0,0.8936170212765957,0.8936170212765957,1,Bsolo,0.9230769230769231,False,False,1.0
q_0694,3,0.9,qwen35_9b,qwen35_9b,True,1.0,0.43243243243243246,0.43243243243243246,0,Bsolo,0.9230769230769231,False,False,0.0
q_0022,4,0.9,qwen35_9b,qwen35_9b,True,1.0,0.8727272727272728,0.8727272727272728,0,Bsolo,1.0,False,False,0.0
q_0023,4,0.9,qwen35_9b,qwen35_9b,True,1.0,1.0,1.0,0,Bsolo,1.0,False,False,0.0
q_0031,4,0.9,qwen35_9b,qwen35_9b,True,0.5,0.5,0.5,1,Bsolo,1.0,False,False,1.0
q_0040,4,0.9,qwen35_9b,qwen35_9b,True,1.0,0.5,0.5,1,Bsolo,1.0,False,False,1.0
q_0060,4,0.9,qwen35_9b,qwen35_9b,False,,1.0,1.0,0,Bsolo,1.0,False,False,0.0
q_0069,4,0.9,qwen35_9b,qwen35_9b,True,0.6666666666666666,0.8727272727272728,0.8727272727272728,1,Bsolo,1.0,False,False,1.0
q_0073,4,0.9,qwen35_9b,qwen35_9b,False,,0.5,0.5,0,Bsolo,1.0,False,False,0.0
q_0105,4,0.9,qwen35_9b,qwen35_9b,True,1.0,0.8727272727272728,0.8727272727272728,0,Bsolo,1.0,False,False,0.0
q_0118,4,0.9,qwen35_9b,qwen35_9b,True,1.0,0.5,0.5,0,Bsolo,1.0,False,False,0.0
q_0139,4,0.9,qwen35_9b,qwen35_9b,True,1.0,0.5,0.5,1,Bsolo,1.0,False,False,1.0
q_0146,4,0.9,qwen35_9b,qwen35_9b,False,,1.0,1.0,0,Bsolo,1.0,False,False,0.0
q_0166,4,0.9,qwen35_9b,qwen35_9b,False,,0.9090909090909091,0.9090909090909091,0,Bsolo,1.0,False,False,0.0
q_0192,4,0.9,qwen35_9b,qwen35_9b,True,1.0,0.5,0.5,0,Bsolo,1.0,False,False,0.0
q_0222,4,0.9,qwen35_9b,qwen35_9b,True,0.0,1.0,1.0,0,Bsolo,1.0,False,False,0.0
q_0224,4,0.9,qwen35_9b,qwen35_9b,True,1.0,0.5,0.5,1,Bsolo,1.0,False,False,1.0
q_0284,4,0.9,qwen35_9b,qwen35_9b,True,1.0,0.8727272727272728,0.8727272727272728,1,Bsolo,1.0,False,False,1.0
q_0285,4,0.9,qwen35_9b,qwen35_9b,True,0.2,0.9090909090909091,0.9090909090909091,0,Bsolo,1.0,False,False,0.0
q_0364,4,0.9,qwen35_9b,qwen35_9b,True,0.4,0.5,0.5,1,Bsolo,1.0,False,False,1.0
q_0369,4,0.9,qwen35_9b,qwen35_9b,True,1.0,0.5,0.5,0,Bsolo,1.0,False,False,0.0
q_0374,4,0.9,qwen35_9b,qwen35_9b,False,,0.8727272727272728,0.8727272727272728,0,Bsolo,1.0,False,False,0.0
q_0382,4,0.9,qwen35_9b,qwen35_9b,False,,0.8727272727272728,0.8727272727272728,0,Bsolo,1.0,False,False,0.0
q_0395,4,0.9,qwen35_9b,qwen35_9b,True,0.0,0.5,0.5,1,Bsolo,1.0,False,False,1.0
q_0433,4,0.9,qwen35_9b,qwen35_9b,True,0.0,0.5,0.5,0,Bsolo,1.0,False,False,0.0
q_0459,4,0.9,qwen35_9b,qwen35_9b,True,1.0,0.8727272727272728,0.8727272727272728,0,Bsolo,1.0,False,False,0.0
q_0480,4,0.9,qwen35_9b,qwen35_9b,True,1.0,0.5,0.5,1,Bsolo,1.0,False,False,1.0
q_0481,4,0.9,qwen35_9b,qwen35_9b,True,0.25,0.5,0.5,0,Bsolo,1.0,False,False,0.0
q_0492,4,0.9,qwen35_9b,qwen35_9b,True,1.0,0.5,0.5,0,Bsolo,1.0,False,False,0.0
q_0515,4,0.9,qwen35_9b,qwen35_9b,True,1.0,0.8727272727272728,0.8727272727272728,0,Bsolo,1.0,False,False,0.0
q_0523,4,0.9,qwen35_9b,qwen35_9b,False,,0.8727272727272728,0.8727272727272728,0,Bsolo,1.0,False,False,0.0
q_0524,4,0.9,qwen35_9b,qwen35_9b,True,1.0,0.5,0.5,0,Bsolo,1.0,False,False,0.0
q_0527,4,0.9,qwen35_9b,qwen35_9b,True,1.0,0.8727272727272728,0.8727272727272728,1,Bsolo,1.0,False,False,1.0
q_0530,4,0.9,qwen35_9b,qwen35_9b,True,1.0,0.5,0.5,1,Bsolo,1.0,False,False,1.0
q_0538,4,0.9,qwen35_9b,qwen35_9b,True,1.0,0.8727272727272728,0.8727272727272728,0,Bsolo,1.0,False,False,0.0
q_0563,4,0.9,qwen35_9b,qwen35_9b,True,1.0,0.9090909090909091,0.9090909090909091,0,Bsolo,1.0,False,False,0.0
q_0574,4,0.9,qwen35_9b,qwen35_9b,True,1.0,0.8727272727272728,0.8727272727272728,0,Bsolo,1.0,False,False,0.0
q_0583,4,0.9,qwen35_9b,qwen35_9b,True,1.0,0.5,0.5,1,Bsolo,1.0,False,False,1.0
q_0630,4,0.9,qwen35_9b,qwen35_9b,True,0.5,0.8727272727272728,0.8727272727272728,0,Bsolo,1.0,False,False,0.0
q_0644,4,0.9,qwen35_9b,qwen35_9b,True,0.5,0.8727272727272728,0.8727272727272728,0,Bsolo,1.0,False,False,0.0
q_0647,4,0.9,qwen35_9b,qwen35_9b,True,0.0,0.5,0.5,1,Bsolo,1.0,False,False,1.0
q_0711,4,0.9,qwen35_9b,qwen35_9b,True,1.0,0.5,0.5,0,Bsolo,1.0,False,False,0.0
